slug;name_en;name_ru
abdominals-stretch-variation-four;Abdominals Stretch Variation Four;Растяжка мышц пресса, вариант 4
abdominals-stretch-variation-one;Abdominals Stretch Variation One;Растяжка мышц пресса, вариант 1
abdominals-stretch-variation-three;Abdominals Stretch Variation Three;Растяжка мышц пресса, вариант 3
abdominals-stretch-variation-two;Abdominals Stretch Variation Two;Растяжка мышц пресса, вариант 2
abductor-leg-raise-side-lying;Abductor Leg Raise Side Lying;Подъём ноги лёжа на боку для отводящих мышц бедра
abductor-leg-raise-side-lying-isometric;Abductor Leg Raise Side Lying Isometric;Изометрический подъём ноги лёжа на боку для отводящих мышц бедра
adductor-leg-raise-side-lying;Adductor Leg Raise Side Lying;Подъём ноги лёжа на боку для приводящих мышц бедра
adductor-leg-raise-side-lying-isometric;Adductor Leg Raise Side Lying Isometric;Изометрический подъём ноги лёжа на боку для приводящих мышц бедра
adductor-raise-side-lying-long-lever;Adductor Raise Side Lying Long Lever;Подъём ноги лёжа на боку для приводящих мышц бедра с длинным рычагом
adductor-raise-side-lying-short-lever;Adductor Raise Side Lying Short Lever;Подъём ноги лёжа на боку для приводящих мышц бедра с коротким рычагом
adductor-stretch-dynamic-standing-alternate;Adductor Stretch Dynamic Standing Alternate;Динамическая поочерёдная растяжка приводящих мышц бедра стоя
adductor-stretch-dynamic-unilateral-4-point-position;Adductor Stretch Dynamic Unilateral 4 Point Position;Динамическая односторонняя растяжка приводящих мышц бедра в упоре на четвереньках
adductor-stretch-seated-bilateral-dynamic;Adductor Stretch Seated Bilateral Dynamic;Динамическая двусторонняя растяжка приводящих мышц бедра сидя
adductor-stretch-seated-bilateral-static;Adductor Stretch Seated Bilateral Static;Статическая двусторонняя растяжка приводящих мышц бедра сидя
alphabet;Alphabet;Алфавит стопой
alternating-bent-leg-raise;Alternating Bent Leg Raise;Поочерёдный подъём согнутых ног
alternating-heel-touch;Alternating Heel Touch;Поочерёдные касания пяток
alternating-pole-rotation;Alternating Pole Rotation;Поочерёдные вращения с палкой
alternating-swipe-around;Alternating Swipe Around;Поочерёдный круговой мах рукой
ankle-circle;Ankle Circle;Круговые вращения стопой
assisted-bulgarian-split-squat;Assisted Bulgarian Split Squat;Болгарский сплит-присед с поддержкой
backward-arm-circle;Backward Arm Circle;Круговые вращения руками назад
band-bayesian-curl;Band Bayesian Curl;Сгибание рук по Байесу с резиновой лентой
band-bayesian-hammer-curl;Band Bayesian Hammer Curl;Молотковое сгибание рук по Байесу с резиновой лентой
band-bayesian-reverse-curl;Band Bayesian Reverse Curl;Обратное сгибание рук по Байесу с резиновой лентой
band-bench-fly;Band Bench Fly;Разведение рук на скамье с резиновой лентой
band-bench-press;Band Bench Press;Жим лёжа с резиновой лентой
band-bent-over-row;Band Bent Over Row;Тяга в наклоне с резиновой лентой
band-calf-raise;Band Calf Raise;Подъём на носки с резиновой лентой
band-chest-fly;Band Chest Fly;Разведение рук на грудь с резиновой лентой
band-chest-press;Band Chest Press;Жим от груди с резиновой лентой
band-crunch;Band Crunch;Скручивание с резиновой лентой
band-curl;Band Curl;Сгибание рук с резиновой лентой
band-face-pull;Band Face Pull;Тяга к лицу с резиновой лентой
band-floor-press;Band Floor Press;Жим с пола с резиновой лентой
band-floor-quad-stretch;Band Floor Quad Stretch;На полу квадрицепса растяжка с резиновой лентой
band-front-raise;Band Front Raise;Подъём рук перед собой с резиновой лентой
band-glute-kickback;Band Glute Kickback;Отведение ноги назад на ягодицы с резиновой лентой
band-glute-kickback-hold;Band Glute Kickback Hold;Отведение ноги назад на ягодицы удержание с резиновой лентой
band-goblet-squat;Band Goblet Squat;Гоблет-приседание с резиновой лентой
band-good-morning;Band Good Morning;Наклон «доброе утро» с резиновой лентой
band-half-kneeling-single-arm-pulldown;Band Half Kneeling Single Arm Pulldown;На одном колене одной рукой тяга верхнего блока с резиновой лентой
band-high-curl;Band High Curl;Верхний сгибание рук с резиновой лентой
band-high-face-pull;Band High Face Pull;Тяга к лицу сверху с резиновой лентой
band-high-hammer-curl;Band High Hammer Curl;Верхний молотковое сгибание рук с резиновой лентой
band-high-reverse-curl;Band High Reverse Curl;Верхний обратное сгибание рук с резиновой лентой
band-high-to-low-pallof-press-wood-chopper;Band High To Low Pallof Press Wood Chopper;Жим Паллофа с дровосеком сверху вниз с резиновой лентой
band-hip-abduction;Band Hip Abduction;Отведение бедра с резиновой лентой
band-hip-adduction;Band Hip Adduction;Приведение бедра с резиновой лентой
band-hip-thrust;Band Hip Thrust;Ягодичный мост с опорой плечами с резиновой лентой
band-horizontal-shrug;Band Horizontal Shrug;Горизонтальный шраги с резиновой лентой
band-internally-rotated-chest-fly;Band Internally Rotated Chest Fly;С внутренней ротацией разведение рук на грудь с резиновой лентой
band-knee-extension;Band Knee Extension;Разгибание колена с резиновой лентой
band-kneeling-pulldown;Band Kneeling Pulldown;На коленях тяга верхнего блока с резиновой лентой
band-kneeling-single-arm-pulldown;Band Kneeling Single Arm Pulldown;На коленях одной рукой тяга верхнего блока с резиновой лентой
band-lateral-raise;Band Lateral Raise;Подъём рук в стороны с резиновой лентой
band-leg-curl;Band Leg Curl;Сгибание ног с резиновой лентой
band-leg-extension;Band Leg Extension;Разгибание ног с резиновой лентой
band-leg-press;Band Leg Press;Ноги жим с резиновой лентой
band-low-lateral-raise;Band Low Lateral Raise;Нижний подъём рук в стороны с резиновой лентой
band-low-to-high-pallof-press-wood-chopper;Band Low To High Pallof Press Wood Chopper;Жим Паллофа с дровосеком снизу вверх с резиновой лентой
band-mid-lateral-raise;Band Mid Lateral Raise;Средний подъём рук в стороны с резиновой лентой
band-overhead-press;Band Overhead Press;Жим над головой с резиновой лентой
band-overhead-tricep-extension;Band Overhead Tricep Extension;Разгибание рук на трицепс над головой с резиновой лентой
band-pallof-press;Band Pallof Press;Жим Паллофа с резиновой лентой
band-pallof-press-to-wood-chopper;Band Pallof Press To Wood Chopper;Жим Паллофа с переходом в дровосек с резиновой лентой
band-press-around;Band Press Around;Жим по дуге с резиновой лентой
band-pull-apart;Band Pull Apart;Разведение рук в стороны с резиновой лентой
band-pull-around;Band Pull Around;Тяга по дуге с резиновой лентой
band-pullover;Band Pullover;Пуловер с резиновой лентой
band-pullthrough;Band Pullthrough;Тяга между ног с резиновой лентой
band-pushdown;Band Pushdown;Разгибание рук вниз с резиновой лентой
band-pushup;Band Pushup;Отжимание с резиновой лентой
band-rapunzel-pushdown;Band Rapunzel Pushdown;Разгибание рук вниз «Рапунцель» с резиновой лентой
band-rear-delt-fly;Band Rear Delt Fly;Разведение рук на заднюю дельту с резиновой лентой
band-reverse-curl;Band Reverse Curl;Обратное сгибание рук с резиновой лентой
band-romanian-deadlift;Band Romanian Deadlift;Румынская становая тяга с резиновой лентой
band-row;Band Row;Тяга с резиновой лентой
band-seated-inversions;Band Seated Inversions;Инверсии стопы сидя с резиновой лентой
band-seated-pulldown;Band Seated Pulldown;Сидя тяга верхнего блока с резиновой лентой
band-seated-single-arm-pulldown;Band Seated Single Arm Pulldown;Сидя одной рукой тяга верхнего блока с резиновой лентой
band-shoulder-y-raise;Band Shoulder Y Raise;Y-подъём на плечи с резиновой лентой
band-shrug;Band Shrug;Шраги с резиновой лентой
band-side-bend;Band Side Bend;Наклон в сторону с резиновой лентой
band-single-arm-bent-over-row;Band Single Arm Bent Over Row;Одной рукой тяга в наклоне с резиновой лентой
band-single-arm-chest-press;Band Single Arm Chest Press;Одной рукой жим от груди с резиновой лентой
band-single-arm-internally-rotated-chest-fly;Band Single Arm Internally Rotated Chest Fly;Одной рукой с внутренней ротацией разведение рук на грудь с резиновой лентой
band-single-arm-lateral-raise;Band Single Arm Lateral Raise;Одной рукой подъём рук в стороны с резиновой лентой
band-single-arm-overhead-press;Band Single Arm Overhead Press;Одной рукой жим над головой с резиновой лентой
band-single-arm-pec-fly;Band Single Arm Pec Fly;Одной рукой разведение рук на грудь с резиновой лентой
band-single-arm-pulldown;Band Single Arm Pulldown;Одной рукой тяга верхнего блока с резиновой лентой
band-single-arm-pushdown;Band Single Arm Pushdown;Одной рукой разгибание рук вниз с резиновой лентой
band-single-arm-row;Band Single Arm Row;Одной рукой тяга с резиновой лентой
band-single-arm-skullcrusher;Band Single Arm Skullcrusher;Одной рукой французский жим лёжа с резиновой лентой
band-skullcrusher;Band Skullcrusher;Французский жим лёжа с резиновой лентой
band-spanish-squat;Band Spanish Squat;Испанское приседание с резиновой лентой
band-squat;Band Squat;Приседание с резиновой лентой
band-squat-hold-row;Band Squat Hold Row;Приседание удержание тяга с резиновой лентой
band-squat-hold-single-arm-row;Band Squat Hold Single Arm Row;Приседание удержание одной рукой тяга с резиновой лентой
band-standing-chest-press;Band Standing Chest Press;Стоя жим от груди с резиновой лентой
band-standing-good-morning;Band Standing Good Morning;Стоя наклон «доброе утро» с резиновой лентой
band-straight-leg-hip-flexions;Band Straight Leg Hip Flexions;Сгибания бедра с прямой ногой с резиновой лентой
band-tricep-kickback;Band Tricep Kickback;Отведение руки назад на трицепс с резиновой лентой
band-upright-row;Band Upright Row;Тяга к подбородку с резиновой лентой
band-wood-chopper;Band Wood Chopper;Дровосек с резиновой лентой
banded-side-walks;Banded Side Walks;Боковая ходьба с резиновой лентой
barbell-30-degree-shrug;Barbell 30 Degree Shrug;Шраги под углом 30 градусов со штангой
barbell-banded-back-squat;Barbell Banded Back Squat;С резиновой лентой приседание со штангой на спине
barbell-banded-deadlift;Barbell Banded Deadlift;С резиновой лентой становая тяга со штангой
barbell-banded-front-squat;Barbell Banded Front Squat;С резиновой лентой фронтальное приседание со штангой
barbell-banded-romanian-deadlift;Barbell Banded Romanian Deadlift;С резиновой лентой румынская становая тяга со штангой
barbell-banded-split-squat;Barbell Banded Split Squat;С резиновой лентой сплит-присед со штангой
barbell-behind-the-back-30-degree-shrug;Barbell Behind The Back 30 Degree Shrug;За спиной шраги под углом 30 градусов со штангой
barbell-behind-the-back-shrug;Barbell Behind The Back Shrug;За спиной шраги со штангой
barbell-behind-the-back-wrist-curl;Barbell Behind The Back Wrist Curl;За спиной сгибание запястий со штангой
barbell-behind-the-neck-press;Barbell Behind The Neck Press;Жим из-за головы со штангой
barbell-behind-the-neck-seated-overhead-press;Barbell Behind The Neck Seated Overhead Press;За шеи сидя жим над головой со штангой
barbell-bench-press;Barbell Bench Press;Жим лёжа со штангой
barbell-bent-over-row;Barbell Bent Over Row;Тяга в наклоне со штангой
barbell-block-conventional-deadlift;Barbell Block Conventional Deadlift;С блоками классическая становая тяга со штангой
barbell-bradford-press;Barbell Bradford Press;Жим Брэдфорда со штангой
barbell-bulgarian-split-squat;Barbell Bulgarian Split Squat;Болгарский сплит-присед со штангой
barbell-calf-jump;Barbell Calf Jump;Прыжок на носках со штангой
barbell-calf-raises;Barbell Calf Raises;Подъёмы на носки со штангой
barbell-clean-and-jerk;Barbell Clean And Jerk;Взятие на грудь и толчок со штангой
barbell-clean-and-press;Barbell Clean And Press;Взятие на грудь и жим со штангой
barbell-close-grip-bench-press;Barbell Close Grip Bench Press;Жим лёжа узким хватом со штангой
barbell-coan-deadlift;Barbell Coan Deadlift;Коэна становая тяга со штангой
barbell-conventional-pause-deadlift;Barbell Conventional Pause Deadlift;Классическая с паузой становая тяга со штангой
barbell-curl;Barbell Curl;Сгибание рук со штангой
barbell-curtsy-deficit-lunge;Barbell Curtsy Deficit Lunge;Выпад-реверанс с дефицитом со штангой
barbell-curtsy-lunge;Barbell Curtsy Lunge;Выпад-реверанс со штангой
barbell-deadlift;Barbell Deadlift;Становая тяга со штангой
barbell-deficit-conventional-deadlift;Barbell Deficit Conventional Deadlift;С дефицитом классическая становая тяга со штангой
barbell-deficit-lunge;Barbell Deficit Lunge;С дефицитом выпад со штангой
barbell-drag-curl;Barbell Drag Curl;Сгибание рук вдоль тела со штангой
barbell-feet-elevated-figure-four-glute-bridge;Barbell Feet Elevated Figure Four Glute Bridge;Стоп на возвышении ягодичный мост в положении «четвёрка» со штангой
barbell-feet-elevated-glute-bridge;Barbell Feet Elevated Glute Bridge;Стоп на возвышении ягодичный мост со штангой
barbell-feet-elevated-single-leg-glute-bridge;Barbell Feet Elevated Single Leg Glute Bridge;Стоп на возвышении одной ноги ягодичный мост со штангой
barbell-feet-elevated-staggered-glute-bridge;Barbell Feet Elevated Staggered Glute Bridge;Стоп на возвышении со смещённой стойкой ягодичный мост со штангой
barbell-figure-four-heels-elevated-hip-thrust;Barbell Figure Four Heels Elevated Hip Thrust;В положении «четвёрка» пяток на возвышении ягодичный мост с опорой плечами со штангой
barbell-figure-four-hip-thrust;Barbell Figure Four Hip Thrust;Ягодичный мост с опорой плечами в положении «четвёрка» со штангой
barbell-floor-press;Barbell Floor Press;Жим с пола со штангой
barbell-forward-lunge;Barbell Forward Lunge;Выпад вперёд со штангой
barbell-front-rack-deficit-lunge;Barbell Front Rack Deficit Lunge;Вперёд на стойке с дефицитом выпад со штангой
barbell-front-rack-step-up;Barbell Front Rack Step Up;Вперёд на стойке подъём на платформу со штангой
barbell-front-rack-step-up-knee-drive;Barbell Front Rack Step Up Knee Drive;Вперёд на стойке подъём на платформу с подъёмом колена со штангой
barbell-front-raise;Barbell Front Raise;Подъём рук перед собой со штангой
barbell-front-squat-bodybuilding;Barbell Front Squat Bodybuilding;Фронтальное приседание в бодибилдерском стиле со штангой
barbell-front-squat-olympic;Barbell Front Squat Olympic;Фронтальное приседание в олимпийском стиле со штангой
barbell-front-squat-with-straps;Barbell Front Squat With Straps;Фронтальное приседание с лямками со штангой
barbell-full-front-raise;Barbell Full Front Raise;Полный подъём рук перед собой со штангой
barbell-glute-bridge;Barbell Glute Bridge;Ягодичный мост со штангой
barbell-guillotine-high-incline-bench-press;Barbell Guillotine High Incline Bench Press;«гильотина» верхний жим лёжа на наклонной скамье со штангой
barbell-guillotine-incline-bench-press;Barbell Guillotine Incline Bench Press;«гильотина» жим лёжа на наклонной скамье со штангой
barbell-hang-clean-and-press;Barbell Hang Clean And Press;Взятие на грудь с виса и жим со штангой
barbell-heels-elevated-hip-thrust;Barbell Heels Elevated Hip Thrust;Пяток на возвышении ягодичный мост с опорой плечами со штангой
barbell-heels-up-back-squat;Barbell Heels Up Back Squat;Пяток вверх приседание со штангой на спине
barbell-heels-up-front-squat;Barbell Heels Up Front Squat;Пяток вверх фронтальное приседание со штангой
barbell-high-bar-good-morning;Barbell High Bar Good Morning;Верхний с прямой рукоятью наклон «доброе утро» со штангой
barbell-high-bar-squat;Barbell High Bar Squat;Верхний с прямой рукоятью приседание со штангой
barbell-high-incline-bench-press;Barbell High Incline Bench Press;Верхний жим лёжа на наклонной скамье со штангой
barbell-high-pull;Barbell High Pull;Высокая тяга со штангой
barbell-hip-thrust;Barbell Hip Thrust;Ягодичный мост с опорой плечами со штангой
barbell-hooklying-bench-press;Barbell Hooklying Bench Press;Лёжа с согнутыми ногами жим лёжа со штангой
barbell-incline-bench-press;Barbell Incline Bench Press;Жим лёжа на наклонной скамье со штангой
barbell-j-m-press;Barbell J M Press;JM жим со штангой
barbell-jefferson-deadlift;Barbell Jefferson Deadlift;Становая тяга Джефферсона со штангой
barbell-kickstand-squat;Barbell Kickstand Squat;С опорой одной ногой приседание со штангой
barbell-landmine-row;Barbell Landmine Row;Лендмайн тяга со штангой
barbell-landmine-side-bend;Barbell Landmine Side Bend;Лендмайн наклон в сторону со штангой
barbell-landmine-sissy-squat;Barbell Landmine Sissy Squat;Лендмайн сисси-присед со штангой
barbell-larsen-bench-press;Barbell Larsen Bench Press;Жим Ларсена лёжа со штангой
barbell-lateral-lunge;Barbell Lateral Lunge;Боковой выпад со штангой
barbell-laying-triceps-extensions;Barbell Laying Triceps Extensions;Лёжа разгибания рук на трицепс со штангой
barbell-long-landmine-row;Barbell Long Landmine Row;Длинный лендмайн тяга со штангой
barbell-low-bar-good-morning;Barbell Low Bar Good Morning;Нижний с прямой рукоятью наклон «доброе утро» со штангой
barbell-low-bar-squat;Barbell Low Bar Squat;Нижний с прямой рукоятью приседание со штангой
barbell-meadows-row;Barbell Meadows Row;Тяга Медоуза со штангой
barbell-muscle-snatch;Barbell Muscle Snatch;Рывок без подседа со штангой
barbell-overhead-press;Barbell Overhead Press;Жим над головой со штангой
barbell-overhead-tricep-extension;Barbell Overhead Tricep Extension;Разгибание рук на трицепс над головой со штангой
barbell-pause-box-squat;Barbell Pause Box Squat;С паузой приседание на бокс со штангой
barbell-pause-squat;Barbell Pause Squat;Приседание с паузой со штангой
barbell-power-snatch;Barbell Power Snatch;Силовой рывок со штангой
barbell-pronated-pendlay-row;Barbell Pronated Pendlay Row;Пронированным хватом тяга Пендлея со штангой
barbell-pronated-row;Barbell Pronated Row;Пронированным хватом тяга со штангой
barbell-pullover;Barbell Pullover;Пуловер со штангой
barbell-quad-stomp;Barbell Quad Stomp;Топание квадрицепсом со штангой
barbell-rack-pull;Barbell Rack Pull;Тяга с рамы со штангой
barbell-reverse-curl;Barbell Reverse Curl;Обратное сгибание рук со штангой
barbell-reverse-deadlift;Barbell Reverse Deadlift;Обратный становая тяга со штангой
barbell-reverse-grip-bench-press;Barbell Reverse Grip Bench Press;Жим лёжа обратным хватом со штангой
barbell-reverse-lunge;Barbell Reverse Lunge;Обратный выпад со штангой
barbell-roll-outs;Barbell Roll Outs;Выкаты со штангой
barbell-romanian-deadlift;Barbell Romanian Deadlift;Румынская становая тяга со штангой
barbell-seated-calf-raise;Barbell Seated Calf Raise;Сидя подъём на носки со штангой
barbell-seated-full-front-raise;Barbell Seated Full Front Raise;Сидя полный подъём рук перед собой со штангой
barbell-shoulder-extension;Barbell Shoulder Extension;Разгибание плеча со штангой
barbell-shrug;Barbell Shrug;Шраги со штангой
barbell-side-step-up;Barbell Side Step Up;Боковой подъём на платформу со штангой
barbell-silverback-shrug;Barbell Silverback Shrug;Шраги «сильвербэк» со штангой
barbell-single-leg-deadlift;Barbell Single Leg Deadlift;Становая тяга на одной ноге со штангой
barbell-single-leg-heels-elevated-hip-thrust;Barbell Single Leg Heels Elevated Hip Thrust;Одной ноги пяток на возвышении ягодичный мост с опорой плечами со штангой
barbell-single-leg-hip-thrust;Barbell Single Leg Hip Thrust;Одной ноги ягодичный мост с опорой плечами со штангой
barbell-situp;Barbell Situp;Подъём туловища со штангой
barbell-skullcrusher;Barbell Skullcrusher;Французский жим лёжа со штангой
barbell-snatch;Barbell Snatch;Рывок со штангой
barbell-snatch-grip-deadlift;Barbell Snatch Grip Deadlift;Становая тяга рывковым хватом со штангой
barbell-snatch-grip-high-pull;Barbell Snatch Grip High Pull;Высокая тяга рывковым хватом со штангой
barbell-snatch-grip-romanian-deadlift;Barbell Snatch Grip Romanian Deadlift;Рывок хват румынская становая тяга со штангой
barbell-spinal-jefferson-curl;Barbell Spinal Jefferson Curl;Сгибание позвоночника Джефферсона со штангой
barbell-split-jerk;Barbell Split Jerk;Толчок в разножку со штангой
barbell-split-squat;Barbell Split Squat;Сплит-присед со штангой
barbell-spoto-press;Barbell Spoto Press;Жим Спото со штангой
barbell-squat;Barbell Squat;Приседание со штангой
barbell-staggered-deadlift;Barbell Staggered Deadlift;Со смещённой стойкой становая тяга со штангой
barbell-step-up;Barbell Step Up;Подъём на платформу со штангой
barbell-step-up-balance;Barbell Step Up Balance;Подъём на платформу с удержанием равновесия со штангой
barbell-step-up-knee-drive;Barbell Step Up Knee Drive;Подъём на платформу с подъёмом колена со штангой
barbell-stiff-leg-deadlifts;Barbell Stiff Leg Deadlifts;Становая тяга на прямых ногах со штангой
barbell-suitcase-carry;Barbell Suitcase Carry;Переноска «чемодан» со штангой
barbell-suitcase-deadlift;Barbell Suitcase Deadlift;Становая тяга «чемодан» со штангой
barbell-sumo-deadlift;Barbell Sumo Deadlift;Становая тяга сумо со штангой
barbell-sumo-pause-deadlift;Barbell Sumo Pause Deadlift;Сумо с паузой становая тяга со штангой
barbell-supinated-pendlay-row;Barbell Supinated Pendlay Row;Супинированным хватом тяга Пендлея со штангой
barbell-supinated-row;Barbell Supinated Row;Супинированным хватом тяга со штангой
barbell-tap-pause-squat;Barbell Tap Pause Squat;Касание приседание с паузой со штангой
barbell-thruster;Barbell Thruster;Трастер со штангой
barbell-toes-up-calf-raise;Barbell Toes Up Calf Raise;Носков вверх подъём на носки со штангой
barbell-tricep-guillotine-press;Barbell Tricep Guillotine Press;На трицепс «гильотина» жим со штангой
barbell-upright-row;Barbell Upright Row;Тяга к подбородку со штангой
barbell-wrist-curl;Barbell Wrist Curl;Сгибание запястий со штангой
barbell-wrist-extension;Barbell Wrist Extension;Разгибание запястий со штангой
barbell-z-press;Barbell Z Press;Z-жим со штангой
barbell-zercher-deficit-lunge;Barbell Zercher Deficit Lunge;Зерхера с дефицитом выпад со штангой
barbell-zercher-good-morning;Barbell Zercher Good Morning;Зерхера наклон «доброе утро» со штангой
barbell-zercher-squat;Barbell Zercher Squat;Зерхера приседание со штангой
bench-dips;Bench Dips;Отжимания на брусьях на скамье
bench-lift-off-active;Bench Lift Off Active;Отрыв активный на скамье
bench-lift-off-static;Bench Lift Off Static;Отрыв статическая на скамье
biceps-stretch-variation-five;Biceps Stretch Variation Five;Растяжка бицепса, вариант 5
biceps-stretch-variation-four;Biceps Stretch Variation Four;Растяжка бицепса, вариант 4
biceps-stretch-variation-one;Biceps Stretch Variation One;Растяжка бицепса, вариант 1
biceps-stretch-variation-three;Biceps Stretch Variation Three;Растяжка бицепса, вариант 3
biceps-stretch-variation-two;Biceps Stretch Variation Two;Растяжка бицепса, вариант 2
bicycle-crunch;Bicycle Crunch;Велосипедные скручивания
big-toe-abduction;Big Toe Abduction;Отведение большого пальца стопы
big-toe-dorsiflexion;Big Toe Dorsiflexion;Тыльное сгибание большого пальца стопы
bird-dog;Bird Dog;Бёрд-дог
bodyweight-alternating-curtsy-lunge;Bodyweight Alternating Curtsy Lunge;Поочерёдный выпад-реверанс
bodyweight-alternating-forward-lunge;Bodyweight Alternating Forward Lunge;Поочерёдный выпад вперёд
bodyweight-alternating-jump-lunge;Bodyweight Alternating Jump Lunge;Поочерёдный прыжок выпад
bodyweight-alternating-lateral-lunge;Bodyweight Alternating Lateral Lunge;Поочерёдный боковой выпад
bodyweight-alternating-reverse-lunges;Bodyweight Alternating Reverse Lunges;Поочерёдный обратный выпады
bodyweight-assisted-chin-up;Bodyweight Assisted Chin Up;С поддержкой подтягивание обратным хватом
bodyweight-assisted-gironda-chin-up;Bodyweight Assisted Gironda Chin Up;С поддержкой Жиронды подтягивание обратным хватом
bodyweight-assisted-mixed-grip-pullup;Bodyweight Assisted Mixed Grip Pullup;С поддержкой смешанный хват подтягивание
bodyweight-assisted-pull-up;Bodyweight Assisted Pull Up;С поддержкой подтягивание
bodyweight-assisted-sissy-squat;Bodyweight Assisted Sissy Squat;С поддержкой сисси-присед
bodyweight-box-assisted-dips;Bodyweight Box Assisted Dips;На коробке с поддержкой отжимания на брусьях
bodyweight-box-squat;Bodyweight Box Squat;Приседание на бокс
bodyweight-butterfly-stretch;Bodyweight Butterfly Stretch;Бабочка растяжка
bodyweight-clapping-push-up;Bodyweight Clapping Push Up;С хлопком отжимание
bodyweight-close-grip-inverted-curl;Bodyweight Close Grip Inverted Curl;Узкий хват инвертированная сгибание рук
bodyweight-concentration-curl;Bodyweight Concentration Curl;Концентрированное сгибание рук
bodyweight-curtsy-deficit-lunge;Bodyweight Curtsy Deficit Lunge;Выпад-реверанс с дефицитом
bodyweight-curtsy-step-down;Bodyweight Curtsy Step Down;Выпад-реверанс спуск с платформы
bodyweight-deadlift;Bodyweight Deadlift;Становая тяга
bodyweight-deficit-reverse-lunge;Bodyweight Deficit Reverse Lunge;С дефицитом обратный выпад
bodyweight-diamond-knee-push-ups;Bodyweight Diamond Knee Push Ups;Алмазные колена отжимания
bodyweight-donkey-calf-raise;Bodyweight Donkey Calf Raise;Подъём на носки в наклоне
bodyweight-elevated-push-up;Bodyweight Elevated Push Up;На возвышении отжимание
bodyweight-explosive-push-up;Bodyweight Explosive Push Up;Взрывное отжимание
bodyweight-feet-down-russian-twist;Bodyweight Feet Down Russian Twist;Стоп вниз скручивание с поворотом
bodyweight-feet-elevated-figure-four-glute-bridge;Bodyweight Feet Elevated Figure Four Glute Bridge;Стоп на возвышении ягодичный мост в положении «четвёрка»
bodyweight-feet-elevated-glute-bridge;Bodyweight Feet Elevated Glute Bridge;Стоп на возвышении ягодичный мост
bodyweight-feet-elevated-single-leg-glute-bridge;Bodyweight Feet Elevated Single Leg Glute Bridge;Стоп на возвышении одной ноги ягодичный мост
bodyweight-feet-elevated-staggered-glute-bridge;Bodyweight Feet Elevated Staggered Glute Bridge;Стоп на возвышении со смещённой стойкой ягодичный мост
bodyweight-feet-plank-jack;Bodyweight Feet Plank Jack;Стоп прыжки в планке
bodyweight-figure-four-heels-elevated-hip-thrust;Bodyweight Figure Four Heels Elevated Hip Thrust;В положении «четвёрка» пяток на возвышении ягодичный мост с опорой плечами
bodyweight-hand-plank-jack;Bodyweight Hand Plank Jack;Планка на руках джек
bodyweight-hands-up-push-ups;Bodyweight Hands Up Push Ups;Руки вверх отжимания
bodyweight-hanging-knee-tuck;Bodyweight Hanging Knee Tuck;В висе подтягивание коленей
bodyweight-hanging-l-sit;Bodyweight Hanging L Sit;В висе L-сид
bodyweight-heels-elevated-hip-thrust;Bodyweight Heels Elevated Hip Thrust;Пяток на возвышении ягодичный мост с опорой плечами
bodyweight-hip-abduction;Bodyweight Hip Abduction;Отведение бедра
bodyweight-incline-knee-push-up;Bodyweight Incline Knee Push Up;На наклонной скамье колена отжимание
bodyweight-inverted-curl;Bodyweight Inverted Curl;Инвертированная сгибание рук
bodyweight-kickstand-squat;Bodyweight Kickstand Squat;С опорой одной ногой приседание
bodyweight-knee-plank-up-down;Bodyweight Knee Plank Up Down;Колена переходы вверх-вниз в планке
bodyweight-knee-push-ups;Bodyweight Knee Push Ups;Колена отжимания
bodyweight-knee-tricep-extension;Bodyweight Knee Tricep Extension;Колена разгибание рук на трицепс
bodyweight-lateral-lunge-jump;Bodyweight Lateral Lunge Jump;Боковой выпад прыжок
bodyweight-ninety-ninety-hip-stretch;Bodyweight Ninety Ninety Hip Stretch;Растяжка тазобедренных суставов 90/90
bodyweight-overhand-inverted-row;Bodyweight Overhand Inverted Row;Прямым хватом инвертированная тяга
bodyweight-partial-step-down;Bodyweight Partial Step Down;Частичный спуск с платформы
bodyweight-pike-press;Bodyweight Pike Press;Пайк-жим
bodyweight-pike-shrug;Bodyweight Pike Shrug;Пайк-шраги
bodyweight-plank-arm-lift;Bodyweight Plank Arm Lift;Планка рукой подъём
bodyweight-plank-jack;Bodyweight Plank Jack;Прыжки в планке
bodyweight-plank-up-down;Bodyweight Plank Up Down;Переходы вверх-вниз в планке
bodyweight-pop-squat;Bodyweight Pop Squat;Поп-приседание
bodyweight-pulse-squat;Bodyweight Pulse Squat;Пульсирующее приседание
bodyweight-quad-stomp;Bodyweight Quad Stomp;Топание квадрицепсом
bodyweight-reverse-lunge;Bodyweight Reverse Lunge;Обратный выпад
bodyweight-reverse-step-up;Bodyweight Reverse Step Up;Обратный подъём на платформу
bodyweight-russian-twist;Bodyweight Russian Twist;Скручивание с поворотом
bodyweight-single-leg-balance-stable;Bodyweight Single Leg Balance Stable;Одной ноги баланс с устойчивой опорой
bodyweight-single-leg-calf-raise;Bodyweight Single Leg Calf Raise;Одной ноги подъём на носки
bodyweight-single-leg-heels-elevated-hip-thrust;Bodyweight Single Leg Heels Elevated Hip Thrust;Одной ноги пяток на возвышении ягодичный мост с опорой плечами
bodyweight-single-leg-squat;Bodyweight Single Leg Squat;Одной ноги приседание
bodyweight-spinal-jefferson-curl;Bodyweight Spinal Jefferson Curl;Сгибание позвоночника Джефферсона
bodyweight-squat;Bodyweight Squat;Приседание
bodyweight-stability-ball-crunch;Bodyweight Stability Ball Crunch;На фитболе скручивание
bodyweight-stability-ball-hyperextension;Bodyweight Stability Ball Hyperextension;На фитболе гиперэкстензия
bodyweight-staggered-waiters-bow;Bodyweight Staggered Waiters Bow;Со смещённой стойкой поклон официанта
bodyweight-standing-hamstring-curl;Bodyweight Standing Hamstring Curl;Стоя сгибание ног на заднюю поверхность бедра
bodyweight-standing-hamstring-curl-isometric;Bodyweight Standing Hamstring Curl Isometric;Стоя сгибание ног на заднюю поверхность бедра изометрический
bodyweight-standing-inverted-row;Bodyweight Standing Inverted Row;Стоя инвертированная тяга
bodyweight-step-down;Bodyweight Step Down;Спуск с платформы
bodyweight-step-up-knee-drive;Bodyweight Step Up Knee Drive;Подъём на платформу с подъёмом колена
bodyweight-superman-pull;Bodyweight Superman Pull;Супермен тяга
bodyweight-swing-lunge;Bodyweight Swing Lunge;Выпад с махом
bodyweight-swingthrough-lunge;Bodyweight Swingthrough Lunge;Выпад с махом насквозь
bodyweight-thoracic-spine-rotation;Bodyweight Thoracic Spine Rotation;Вращение грудного отдела позвоночника
bodyweight-tricep-extension;Bodyweight Tricep Extension;Разгибание рук на трицепс
bodyweight-underhand-inverted-row;Bodyweight Underhand Inverted Row;Обратным хватом инвертированная тяга
bodyweight-waiters-bow;Bodyweight Waiters Bow;Поклон официанта
bosu-ball-burpee;Bosu Ball Burpee;Бёрпи на BOSU
bosu-ball-calf-raise;Bosu Ball Calf Raise;Подъём на носки на BOSU
bosu-ball-curl;Bosu Ball Curl;Сгибание рук на BOSU
bosu-ball-feet-elevated-glute-bridge;Bosu Ball Feet Elevated Glute Bridge;Стоп на возвышении ягодичный мост на BOSU
bosu-ball-forearm-plank;Bosu Ball Forearm Plank;Планка на предплечьях на BOSU
bosu-ball-forearm-sideplank;Bosu Ball Forearm Sideplank;Предплечья боковая планка на BOSU
bosu-ball-front-raise;Bosu Ball Front Raise;Подъём рук перед собой на BOSU
bosu-ball-half-burpee;Bosu Ball Half Burpee;На одном бёрпи на BOSU
bosu-ball-hand-plank;Bosu Ball Hand Plank;Планка на руках на BOSU
bosu-ball-hand-sideplank;Bosu Ball Hand Sideplank;На руках боковая планка на BOSU
bosu-ball-hand-sideplank-hip-abduction;Bosu Ball Hand Sideplank Hip Abduction;На руках боковая планка отведение бедра на BOSU
bosu-ball-hip-thrust;Bosu Ball Hip Thrust;Ягодичный мост с опорой плечами на BOSU
bosu-ball-lateral-lunge;Bosu Ball Lateral Lunge;Боковой выпад на BOSU
bosu-ball-offset-pushup;Bosu Ball Offset Pushup;Асимметричный отжимание на BOSU
bosu-ball-pike-pushup;Bosu Ball Pike Pushup;Пайк-отжимание на BOSU
bosu-ball-pike-shrug;Bosu Ball Pike Shrug;Пайк-шраги на BOSU
bosu-ball-plank-glute-kickback;Bosu Ball Plank Glute Kickback;Планка отведение ноги назад на ягодицы на BOSU
bosu-ball-pullover;Bosu Ball Pullover;Пуловер на BOSU
bosu-ball-pushup;Bosu Ball Pushup;Отжимание на BOSU
bosu-ball-reverse-lunge;Bosu Ball Reverse Lunge;Обратный выпад на BOSU
bosu-ball-row;Bosu Ball Row;Тяга на BOSU
bosu-ball-single-leg-elevated-glute-bridge;Bosu Ball Single Leg Elevated Glute Bridge;Одной ноги на возвышении ягодичный мост на BOSU
bosu-ball-single-leg-hip-thrust;Bosu Ball Single Leg Hip Thrust;Одной ноги ягодичный мост с опорой плечами на BOSU
bosu-ball-single-leg-squat;Bosu Ball Single Leg Squat;Одной ноги приседание на BOSU
bosu-ball-situp;Bosu Ball Situp;Подъём туловища на BOSU
bosu-ball-split-squat;Bosu Ball Split Squat;Сплит-присед на BOSU
bosu-ball-squat;Bosu Ball Squat;Приседание на BOSU
bosu-ball-superman;Bosu Ball Superman;Супермен на BOSU
bosu-ball-toe-tap;Bosu Ball Toe Tap;Касание носком на BOSU
bosu-ball-up-and-over;Bosu Ball Up And Over;Переход вверх и через BOSU
bosu-ball-walkover-pushup;Bosu Ball Walkover Pushup;Переход через отжимание на BOSU
bosu-ball-wood-chopper;Bosu Ball Wood Chopper;Дровосек на BOSU
bosu-serratus-activation-active-plank;Bosu Serratus Activation Active Plank;Передней зубчатой мышцы активация активный планка на BOSU
bosu-serratus-activation-plank;Bosu Serratus Activation Plank;Передней зубчатой мышцы активация планка на BOSU
bow-pose;Bow Pose;Поза лука
box-dips;Box Dips;Отжимания на брусьях на коробке
box-jump;Box Jump;Прыжок на коробке
box-supported-single-leg-deadlift;Box Supported Single Leg Deadlift;С опорой становая тяга на одной ноге на коробке
bulgarian-split-squat;Bulgarian Split Squat;Болгарский сплит-присед
burpee;Burpee;Бёрпи
butt-kick;Butt Kick;Захлёст голени
cable-30-degree-shrug;Cable 30 Degree Shrug;Шраги под углом 30 градусов на блоке
cable-archer-row;Cable Archer Row;Тяга лучника на блоке
cable-bar-calve-raise;Cable Bar Calve Raise;С прямой рукоятью икроножный подъём на блоке
cable-bar-curl;Cable Bar Curl;С прямой рукоятью сгибание рук на блоке
cable-bar-face-pull;Cable Bar Face Pull;С прямой рукоятью тяга к лицу на блоке
cable-bar-front-raise;Cable Bar Front Raise;С прямой рукоятью подъём рук перед собой на блоке
cable-bar-kneeling-crunch;Cable Bar Kneeling Crunch;С прямой рукоятью на коленях скручивание на блоке
cable-bar-pushdown;Cable Bar Pushdown;С прямой рукоятью разгибание рук вниз на блоке
cable-bar-reverse-grip-curl;Cable Bar Reverse Grip Curl;С прямой рукоятью обратный хват сгибание рук на блоке
cable-bar-reverse-grip-pushdown;Cable Bar Reverse Grip Pushdown;С прямой рукоятью обратный хват разгибание рук вниз на блоке
cable-bar-rolling-pushdown;Cable Bar Rolling Pushdown;С прямой рукоятью с прокатом разгибание рук вниз на блоке
cable-bar-romanian-deadlift;Cable Bar Romanian Deadlift;С прямой рукоятью румынская становая тяга на блоке
cable-bar-skullcrusher;Cable Bar Skullcrusher;С прямой рукоятью французский жим лёжа на блоке
cable-bar-staggered-romanian-deadlift;Cable Bar Staggered Romanian Deadlift;С прямой рукоятью со смещённой стойкой румынская становая тяга на блоке
cable-bar-standing-crunch;Cable Bar Standing Crunch;С прямой рукоятью стоя скручивание на блоке
cable-bayesian-curl;Cable Bayesian Curl;Сгибание рук по Байесу на блоке
cable-behind-the-back-lateral-raise;Cable Behind The Back Lateral Raise;За спиной подъём рук в стороны на блоке
cable-belt-calf-raise;Cable Belt Calf Raise;С поясом подъём на носки на блоке
cable-belt-split-squat;Cable Belt Split Squat;С поясом сплит-присед на блоке
cable-belt-squat;Cable Belt Squat;С поясом приседание на блоке
cable-bench-chest-fly;Cable Bench Chest Fly;На скамье разведение рук на грудь на блоке
cable-bench-press;Cable Bench Press;Жим лёжа на блоке
cable-bench-straight-leg-kickback;Cable Bench Straight Leg Kickback;На скамье прямой ноги отведение назад на блоке
cable-bent-over-bar-pullover;Cable Bent Over Bar Pullover;В наклоне с прямой рукоятью пуловер на блоке
cable-bent-over-single-arm-overhead-tricep-extension;Cable Bent Over Single Arm Overhead Tricep Extension;В наклоне одной рукой разгибание рук на трицепс над головой на блоке
cable-braced-single-arm-chest-fly;Cable Braced Single Arm Chest Fly;С опорой одной рукой разведение рук на грудь на блоке
cable-braced-single-arm-chest-press;Cable Braced Single Arm Chest Press;С опорой одной рукой жим от груди на блоке
cable-braced-single-arm-internally-rotated-chest-fly;Cable Braced Single Arm Internally Rotated Chest Fly;С опорой одной рукой с внутренней ротацией разведение рук на грудь на блоке
cable-braced-wrist-curl;Cable Braced Wrist Curl;С опорой сгибание запястий на блоке
cable-braced-wrist-extension;Cable Braced Wrist Extension;С опорой разгибание запястий на блоке
cable-calve-raise;Cable Calve Raise;Икроножный подъём на блоке
cable-chest-press;Cable Chest Press;Жим от груди на блоке
cable-cross-pushdown;Cable Cross Pushdown;Перекрёстный разгибание рук вниз на блоке
cable-decline-bench-chest-fly;Cable Decline Bench Chest Fly;На скамье с отрицательным наклоном на скамье разведение рук на грудь на блоке
cable-decline-bench-press;Cable Decline Bench Press;Жим лёжа на скамье с отрицательным наклоном на блоке
cable-decline-press-around;Cable Decline Press Around;На скамье с отрицательным наклоном жим по дуге на блоке
cable-decline-single-arm-bench-press;Cable Decline Single Arm Bench Press;На скамье с отрицательным наклоном одной рукой жим лёжа на блоке
cable-elevated-deadlift;Cable Elevated Deadlift;На возвышении становая тяга на блоке
cable-external-rotation;Cable External Rotation;Внешняя ротация на блоке
cable-goblet-squat;Cable Goblet Squat;Гоблет-приседание на блоке
cable-half-kneeling-high-to-low-wood-chopper;Cable Half Kneeling High To Low Wood Chopper;На одном колене сверху вниз дровосек на блоке
cable-half-kneeling-low-to-high-wood-chopper;Cable Half Kneeling Low To High Wood Chopper;На одном колене снизу вверх дровосек на блоке
cable-half-kneeling-wood-chopper;Cable Half Kneeling Wood Chopper;На одном колене дровосек на блоке
cable-hammer-bayesian-curl;Cable Hammer Bayesian Curl;Молотковый сгибание рук по Байесу на блоке
cable-hamstring-curl;Cable Hamstring Curl;Сгибание ног на заднюю поверхность бедра на блоке
cable-high-bayesian-curl;Cable High Bayesian Curl;Верхний сгибание рук по Байесу на блоке
cable-high-internally-rotated-reverse-fly;Cable High Internally Rotated Reverse Fly;Верхний с внутренней ротацией обратное разведение рук на блоке
cable-high-reverse-fly;Cable High Reverse Fly;Верхний обратное разведение рук на блоке
cable-high-single-arm-hammer-bayesian-curl;Cable High Single Arm Hammer Bayesian Curl;Верхний одной рукой молотковый сгибание рук по Байесу на блоке
cable-high-single-arm-hammer-rolling-curl;Cable High Single Arm Hammer Rolling Curl;Верхний одной рукой молотковый сгибание рук с прокатом на блоке
cable-high-single-arm-rear-delt-fly;Cable High Single Arm Rear Delt Fly;Верхний одной рукой разведение рук на заднюю дельту на блоке
cable-high-single-arm-reverse-bayesian-curl;Cable High Single Arm Reverse Bayesian Curl;Верхний одной рукой обратный сгибание рук по Байесу на блоке
cable-high-single-arm-reverse-rolling-curl;Cable High Single Arm Reverse Rolling Curl;Верхний одной рукой обратный сгибание рук с прокатом на блоке
cable-high-single-arm-rolling-curl;Cable High Single Arm Rolling Curl;Верхний одной рукой сгибание рук с прокатом на блоке
cable-incline-bench-press;Cable Incline Bench Press;Жим лёжа на наклонной скамье на блоке
cable-incline-bench-straight-leg-kickback;Cable Incline Bench Straight Leg Kickback;На наклонной скамье на скамье прямой ноги отведение назад на блоке
cable-incline-chest-fly;Cable Incline Chest Fly;На наклонной скамье разведение рук на грудь на блоке
cable-incline-fly-around;Cable Incline Fly Around;На наклонной скамье разведение рук по дуге на блоке
cable-incline-press-around;Cable Incline Press Around;На наклонной скамье жим по дуге на блоке
cable-internal-rotation;Cable Internal Rotation;Внутренняя ротация на блоке
cable-kayak-row;Cable Kayak Row;Каяк тяга на блоке
cable-kneeling-high-to-low-wood-chopper;Cable Kneeling High To Low Wood Chopper;На коленях сверху вниз дровосек на блоке
cable-kneeling-low-to-high-wood-chopper;Cable Kneeling Low To High Wood Chopper;На коленях снизу вверх дровосек на блоке
cable-kneeling-oblique-crunch;Cable Kneeling Oblique Crunch;На коленях на косые мышцы скручивание на блоке
cable-kneeling-pallof-press;Cable Kneeling Pallof Press;На коленях жим Паллофа на блоке
cable-kneeling-pallof-press-to-wood-chopper;Cable Kneeling Pallof Press To Wood Chopper;На коленях жим Паллофа с переходом в дровосек на блоке
cable-kneeling-wood-chopper;Cable Kneeling Wood Chopper;На коленях дровосек на блоке
cable-lat-prayer;Cable Lat Prayer;Молитвенная тяга на широчайшие на блоке
cable-leaning-single-arm-skullover;Cable Leaning Single Arm Skullover;В наклоне одной рукой скалл-пуловер на блоке
cable-low-bilateral-lateral-raise;Cable Low Bilateral Lateral Raise;Нижний двусторонний подъём рук в стороны на блоке
cable-low-single-arm-lateral-raise;Cable Low Single Arm Lateral Raise;Нижний одной рукой подъём рук в стороны на блоке
cable-oblique-pushdown;Cable Oblique Pushdown;На косые мышцы разгибание рук вниз на блоке
cable-overhead-press;Cable Overhead Press;Жим над головой на блоке
cable-overhead-tricep-press;Cable Overhead Tricep Press;Над головой на трицепс жим на блоке
cable-pallof-press;Cable Pallof Press;Жим Паллофа на блоке
cable-pallof-press-rotation;Cable Pallof Press Rotation;Жим Паллофа вращение на блоке
cable-pec-fly;Cable Pec Fly;Разведение рук на грудь на блоке
cable-pull-around;Cable Pull Around;Тяга по дуге на блоке
cable-pull-in;Cable Pull In;Тяга внутрь на блоке
cable-pull-through;Cable Pull Through;Тяга между ног на блоке
cable-quadruped-hip-abduction;Cable Quadruped Hip Abduction;В упоре на четвереньках отведение бедра на блоке
cable-reverse-bayesian-curl;Cable Reverse Bayesian Curl;Обратный сгибание рук по Байесу на блоке
cable-rope-face-pulls;Cable Rope Face Pulls;С канатом тяга к лицу на блоке
cable-rope-front-raise;Cable Rope Front Raise;С канатом подъём рук перед собой на блоке
cable-rope-hammer-curl;Cable Rope Hammer Curl;С канатом молотковое сгибание рук на блоке
cable-rope-kneeling-crunch;Cable Rope Kneeling Crunch;С канатом на коленях скручивание на блоке
cable-rope-kneeling-face-pull;Cable Rope Kneeling Face Pull;С канатом на коленях тяга к лицу на блоке
cable-rope-kneeling-oblique-crunch;Cable Rope Kneeling Oblique Crunch;С канатом на коленях на косые мышцы скручивание на блоке
cable-rope-lat-prayer;Cable Rope Lat Prayer;С канатом молитвенная тяга на широчайшие на блоке
cable-rope-mid-lateral-raise;Cable Rope Mid Lateral Raise;С канатом средний подъём рук в стороны на блоке
cable-rope-overhead-tricep-extension;Cable Rope Overhead Tricep Extension;С канатом разгибание рук на трицепс над головой на блоке
cable-rope-pullover;Cable Rope Pullover;С канатом пуловер на блоке
cable-rope-pushdown;Cable Rope Pushdown;С канатом разгибание рук вниз на блоке
cable-rope-rolling-pushdown;Cable Rope Rolling Pushdown;С канатом с прокатом разгибание рук вниз на блоке
cable-rope-single-arm-low-lateral-raise;Cable Rope Single Arm Low Lateral Raise;С канатом одной рукой нижний подъём рук в стороны на блоке
cable-rope-skullcrusher;Cable Rope Skullcrusher;С канатом французский жим лёжа на блоке
cable-rope-standing-crunch;Cable Rope Standing Crunch;С канатом стоя скручивание на блоке
cable-rope-upright-row;Cable Rope Upright Row;С канатом тяга к подбородку на блоке
cable-row-bar-kneeling-crunch;Cable Row Bar Kneeling Crunch;Тяга с прямой рукоятью на коленях скручивание на блоке
cable-row-bar-standing-row;Cable Row Bar Standing Row;Тяга с прямой рукоятью стоя тяга на блоке
cable-seated-bar-face-pull;Cable Seated Bar Face Pull;Сидя с прямой рукоятью тяга к лицу на блоке
cable-seated-bayesian-curl;Cable Seated Bayesian Curl;Сидя сгибание рук по Байесу на блоке
cable-seated-bayesian-hammer-curl;Cable Seated Bayesian Hammer Curl;Сидя молотковое сгибание рук по Байесу на блоке
cable-seated-bayesian-reverse-curl;Cable Seated Bayesian Reverse Curl;Сидя обратное сгибание рук по Байесу на блоке
cable-seated-leg-curl;Cable Seated Leg Curl;Сидя сгибание ног на блоке
cable-seated-leg-extension;Cable Seated Leg Extension;Сидя разгибание ног на блоке
cable-seated-rope-face-pull;Cable Seated Rope Face Pull;Сидя с канатом тяга к лицу на блоке
cable-seated-single-arm-face-pull;Cable Seated Single Arm Face Pull;Сидя одной рукой тяга к лицу на блоке
cable-side-bend;Cable Side Bend;Наклон в сторону на блоке
cable-silverback-shrug;Cable Silverback Shrug;Шраги «сильвербэк» на блоке
cable-single-arm-30-degree-shrug;Cable Single Arm 30 Degree Shrug;Одной рукой шраги под углом 30 градусов на блоке
cable-single-arm-bayesian-curl;Cable Single Arm Bayesian Curl;Одной рукой сгибание рук по Байесу на блоке
cable-single-arm-bench-chest-fly;Cable Single Arm Bench Chest Fly;Одной рукой на скамье разведение рук на грудь на блоке
cable-single-arm-bench-press;Cable Single Arm Bench Press;Одной рукой жим лёжа на блоке
cable-single-arm-cross-pushdown;Cable Single Arm Cross Pushdown;Одной рукой перекрёстный разгибание рук вниз на блоке
cable-single-arm-decline-bench-chest-fly;Cable Single Arm Decline Bench Chest Fly;Одной рукой на скамье с отрицательным наклоном на скамье разведение рук на грудь на блоке
cable-single-arm-face-pull;Cable Single Arm Face Pull;Одной рукой тяга к лицу на блоке
cable-single-arm-hammer-curl;Cable Single Arm Hammer Curl;Одной рукой молотковое сгибание рук на блоке
cable-single-arm-incline-bench-press;Cable Single Arm Incline Bench Press;Одной рукой жим лёжа на наклонной скамье на блоке
cable-single-arm-incline-chest-fly;Cable Single Arm Incline Chest Fly;Одной рукой на наклонной скамье разведение рук на грудь на блоке
cable-single-arm-internally-rotated-high-reverse-fly;Cable Single Arm Internally Rotated High Reverse Fly;Одной рукой с внутренней ротацией верхний обратное разведение рук на блоке
cable-single-arm-lat-prayer;Cable Single Arm Lat Prayer;Одной рукой молитвенная тяга на широчайшие на блоке
cable-single-arm-neutral-grip-row;Cable Single Arm Neutral Grip Row;Одной рукой нейтральным хватом хват тяга на блоке
cable-single-arm-overhead-tricep-extension;Cable Single Arm Overhead Tricep Extension;Одной рукой разгибание рук на трицепс над головой на блоке
cable-single-arm-pushdown;Cable Single Arm Pushdown;Одной рукой разгибание рук вниз на блоке
cable-single-arm-rear-delt-row;Cable Single Arm Rear Delt Row;Одной рукой тяга на заднюю дельту на блоке
cable-single-arm-reverse-curl;Cable Single Arm Reverse Curl;Одной рукой обратное сгибание рук на блоке
cable-single-arm-rolling-pushdown;Cable Single Arm Rolling Pushdown;Одной рукой с прокатом разгибание рук вниз на блоке
cable-single-arm-rope-pushdown;Cable Single Arm Rope Pushdown;Одной рукой с канатом разгибание рук вниз на блоке
cable-single-arm-skullcrusher;Cable Single Arm Skullcrusher;Одной рукой французский жим лёжа на блоке
cable-single-arm-underhand-grip-row;Cable Single Arm Underhand Grip Row;Одной рукой обратным хватом хват тяга на блоке
cable-single-leg-deadlift;Cable Single Leg Deadlift;Становая тяга на одной ноге на блоке
cable-single-leg-laying-leg-curl;Cable Single Leg Laying Leg Curl;Одной ноги лёжа сгибание ног на блоке
cable-split-squat;Cable Split Squat;Сплит-присед на блоке
cable-standing-crunch;Cable Standing Crunch;Стоя скручивание на блоке
cable-standing-glute-kickback;Cable Standing Glute Kickback;Стоя отведение ноги назад на ягодицы на блоке
cable-standing-high-to-low-wood-chopper;Cable Standing High To Low Wood Chopper;Стоя сверху вниз дровосек на блоке
cable-standing-hip-abduction;Cable Standing Hip Abduction;Стоя отведение бедра на блоке
cable-standing-hip-adduction;Cable Standing Hip Adduction;Стоя приведение бедра на блоке
cable-standing-leg-extension;Cable Standing Leg Extension;Стоя разгибание ног на блоке
cable-standing-low-to-high-wood-chopper;Cable Standing Low To High Wood Chopper;Стоя снизу вверх дровосек на блоке
cable-standing-mid-kickback;Cable Standing Mid Kickback;Стоя средний отведение назад на блоке
cable-standing-single-arm-chest-fly;Cable Standing Single Arm Chest Fly;Стоя одной рукой разведение рук на грудь на блоке
cable-standing-single-arm-chest-press;Cable Standing Single Arm Chest Press;Стоя одной рукой жим от груди на блоке
cable-standing-single-arm-cross-rear-delt-row;Cable Standing Single Arm Cross Rear Delt Row;Стоя одной рукой перекрёстный тяга на заднюю дельту на блоке
cable-standing-single-arm-incline-chest-fly;Cable Standing Single Arm Incline Chest Fly;Стоя одной рукой на наклонной скамье разведение рук на грудь на блоке
cable-standing-single-arm-incline-chest-press;Cable Standing Single Arm Incline Chest Press;Стоя одной рукой на наклонной скамье жим от груди на блоке
cable-standing-single-arm-internally-rotated-chest-fly;Cable Standing Single Arm Internally Rotated Chest Fly;Стоя одной рукой с внутренней ротацией разведение рук на грудь на блоке
cable-standing-single-arm-internally-rotated-incline-chest-fly;Cable Standing Single Arm Internally Rotated Incline Chest Fly;Стоя одной рукой с внутренней ротацией на наклонной скамье разведение рук на грудь на блоке
cable-standing-straight-leg-glute-kickback;Cable Standing Straight Leg Glute Kickback;Стоя прямой ноги отведение ноги назад на ягодицы на блоке
cable-standing-straight-leg-mid-kickback;Cable Standing Straight Leg Mid Kickback;Стоя прямой ноги средний отведение назад на блоке
cable-straight-arm-pull-in;Cable Straight Arm Pull In;Тяга прямой рукой внутрь на блоке
cable-supinating-row;Cable Supinating Row;С супинацией тяга на блоке
cable-tricep-kickback;Cable Tricep Kickback;Отведение руки назад на трицепс на блоке
cable-twisting-curl;Cable Twisting Curl;Сгибание рук с поворотом на блоке
cable-upright-row;Cable Upright Row;Тяга к подбородку на блоке
cable-wood-chopper;Cable Wood Chopper;Дровосек на блоке
cable-wrist-curl;Cable Wrist Curl;Сгибание запястий на блоке
cable-wrist-extension;Cable Wrist Extension;Разгибание запястий на блоке
cable-zercher-good-morning;Cable Zercher Good Morning;Зерхера наклон «доброе утро» на блоке
cable-zercher-squat;Cable Zercher Squat;Зерхера приседание на блоке
calf-isometric-on-step;Calf Isometric On Step;Икр изометрический на ступеньке
calf-mobilisation-seated-floor-roll;Calf Mobilisation Seated Floor Roll;Икр мобилизация сидя на полу раскатывание
calf-raise-1a-bilateral-eccentric-floor;Calf Raise 1A Bilateral Eccentric Floor;Подъём на носки 1A двусторонний эксцентрический на полу
calf-raise-1b-bilateral-floor;Calf Raise 1B Bilateral Floor;Подъём на носки 1B двусторонний на полу
calf-raise-1c-bilateral-eccentric-from-box;Calf Raise 1C Bilateral Eccentric From Box;Подъём на носки 1C двусторонний эксцентрический с коробке
calf-raise-1d-bilateral-from-box;Calf Raise 1D Bilateral From Box;Подъём на носки 1D двусторонний с коробке
calf-raise-1e-bilateral-isometric-floor;Calf Raise 1E Bilateral Isometric Floor;Подъём на носки 1E двусторонний изометрический на полу
calf-raise-2a-eccentric-unilateral-floor;Calf Raise 2A Eccentric Unilateral Floor;Подъём на носки 2A эксцентрический односторонний на полу
calf-raise-2b-unilateral-floor;Calf Raise 2B Unilateral Floor;Подъём на носки 2B односторонний на полу
calf-raise-2c-eccentric-unilateral-from-box;Calf Raise 2C Eccentric Unilateral From Box;Подъём на носки 2C эксцентрический односторонний с коробке
calf-raise-2d-unilateral-from-box;Calf Raise 2D Unilateral From Box;Подъём на носки 2D односторонний с коробке
calf-raise-3a-soleus-bias-bilateral;Calf Raise 3A Soleus Bias Bilateral;Подъём на носки 3A камбаловидной мышцы с акцентом двусторонний
calf-raise-3b-soleus-bias-unilateral;Calf Raise 3B Soleus Bias Unilateral;Подъём на носки 3B камбаловидной мышцы с акцентом односторонний
calf-raise-isometric-unilateral;Calf Raise Isometric Unilateral;Подъём на носки изометрический односторонний
calf-raises;Calf Raises;Подъёмы на носки
calf-stretch-on-box-bilateral;Calf Stretch On Box Bilateral;Икр растяжка на на коробке двусторонний
calves-stretch-variation-one;Calves Stretch Variation One;Растяжка икроножных мышц, вариант 1
calves-stretch-variation-three;Calves Stretch Variation Three;Растяжка икроножных мышц, вариант 3
calves-stretch-variation-two;Calves Stretch Variation Two;Растяжка икроножных мышц, вариант 2
cardio-assault-bike;Cardio Assault Bike;Эйрбайк
cardio-assault-bike-arms-only;Cardio Assault Bike Arms Only;Эйрбайк только руками
cardio-band-hammer-curl-jacks;Cardio Band Hammer Curl Jacks;С резиновой лентой молотковое сгибание рук джек
cardio-band-press-jacks;Cardio Band Press Jacks;С резиновой лентой жим джек
cardio-band-reverse-fly-jacks;Cardio Band Reverse Fly Jacks;С резиновой лентой обратное разведение рук джек
cardio-band-seal-jacks;Cardio Band Seal Jacks;Прыжки seal jack с резиновой лентой
cardio-box-quick-feet;Cardio Box Quick Feet;Быстрые шаги на коробке
cardio-criss-cross-jacks;Cardio Criss Cross Jacks;Прыжки крест-накрест
cardio-diamond-hop;Cardio Diamond Hop;Алмазные прыжок
cardio-figure-eight-sprint;Cardio Figure Eight Sprint;Спринт восьмёркой
cardio-forward-scissor;Cardio Forward Scissor;Ножницы вперёд
cardio-in-and-out-forward;Cardio In And Out Forward;Прыжки внутрь-наружу с продвижением вперёд
cardio-in-and-outs;Cardio In And Outs;Прыжки внутрь-наружу
cardio-in-in-out-out-shuffle;Cardio In In Out Out Shuffle;Шаффл внутрь-внутрь-наружу-наружу
cardio-jumping-jacks;Cardio Jumping Jacks;Прыжки джампинг-джек
cardio-karaoke;Cardio Karaoke;Бег караоке
cardio-knee-taps;Cardio Knee Taps;Касания коленей
cardio-lateral-quick-feet;Cardio Lateral Quick Feet;Быстрые боковые шаги
cardio-lateral-shuffle;Cardio Lateral Shuffle;Боковой шаффл
cardio-long-jump;Cardio Long Jump;Длинный прыжок
cardio-long-jump-shuffle-back;Cardio Long Jump Shuffle Back;Длинный прыжок шаффл спиной
cardio-quick-feet;Cardio Quick Feet;Быстрые шаги
cardio-row-erg-rower;Cardio Row Erg Rower;Гребной тренажёр
cardio-row-erg-rower-arms-only;Cardio Row Erg Rower Arms Only;Гребной тренажёр только руками
cardio-row-erg-rower-four-stroke-sprint-start;Cardio Row Erg Rower Four Stroke Sprint Start;Гребной тренажёр: спринтерский старт на 4 гребка
cardio-row-erg-rower-legs-only;Cardio Row Erg Rower Legs Only;Гребной тренажёр только ногами
cardio-seal-jacks;Cardio Seal Jacks;Прыжки seal jack
cardio-shuttle-sprint;Cardio Shuttle Sprint;Челночный спринт
cardio-single-leg-forward-hop;Cardio Single Leg Forward Hop;Одной ноги вперёд прыжок
cardio-single-leg-lateral-hop;Cardio Single Leg Lateral Hop;Одной ноги боковой прыжок
cardio-skater;Cardio Skater;Конькобежец
cardio-skater-to-single-leg-burpee;Cardio Skater To Single Leg Burpee;Конькобежец с переходом в бёрпи на одной ноге
cardio-ski-erg;Cardio Ski Erg;Лыжный эргометр
cardio-sprint-in-place;Cardio Sprint In Place;Спринт на месте
cardio-step-out-jacks;Cardio Step Out Jacks;Джампинг-джек с шагом в сторону
cardio-three-step-heismans;Cardio Three Step Heismans;Хейсман в три шага
cat-pose;Cat Pose;Поза кошки
chair-pose;Chair Pose;Поза стула
chest-stretch-variation-four;Chest Stretch Variation Four;Растяжка грудных мышц, вариант 4
chest-stretch-variation-one;Chest Stretch Variation One;Растяжка грудных мышц, вариант 1
chest-stretch-variation-three;Chest Stretch Variation Three;Растяжка грудных мышц, вариант 3
chest-stretch-variation-two;Chest Stretch Variation Two;Растяжка грудных мышц, вариант 2
child-pose-arms-extended;Child Pose Arms Extended;Поза ребёнка с вытянутыми руками
child-pose-arms-extended-left-right;Child Pose Arms Extended Left Right;Поза ребёнка с вытянутыми руками влево-вправо
child-pose-arms-on-side;Child Pose Arms On Side;Поза ребёнка с руками сбоку
child-pose-elbows-on-block;Child Pose Elbows On Block;Поза ребёнка с локтями на блоке
chin-ups;Chin Ups;Подтягивания обратным хватом
clamshells-1-side-lying;Clamshells 1 Side Lying;Ракушки 1 лёжа на боку
clamshells-2-side-lying;Clamshells 2 Side Lying;Ракушки 2 лёжа на боку
clamshells-3-internal-external-rotations-side-lying;Clamshells 3 Internal External Rotations Side Lying;Ракушки 3: внутренняя и внешняя ротация лёжа на боку
clamshells-4-side-lying-resisted;Clamshells 4 Side Lying Resisted;Ракушки 4 лёжа на боку с сопротивлением
clock-taps;Clock Taps;Касания по часам
cobra-pose;Cobra Pose;Поза кобры
cobra-stretch-1;Cobra Stretch 1;Растяжка кобра 1
cobra-stretch-2;Cobra Stretch 2;Растяжка кобра 2
core-stability-1-crosslateral-limb-raise-4pt-position;Core Stability 1 Crosslateral Limb Raise 4Pt Position;Стабилизация кора 1: перекрёстный подъём конечностей в упоре на четвереньках
core-stability-2-opposite-shoulder-tap-4pt-position;Core Stability 2 Opposite Shoulder Tap 4Pt Position;Стабилизация кора 2: касание противоположного плеча в упоре на четвереньках
core-stability-4-crosslateral-limb-raise-push-up-position;Core Stability 4 Crosslateral Limb Raise Push Up Position;Стабилизация кора 4: перекрёстный подъём конечностей в положении отжимания
core-stability-5-crosslateral-limb-raise-into-knee-elbow-tuck-push-up-position;Core Stability 5 Crosslateral Limb Raise Into Knee Elbow Tuck Push Up Position;Стабилизация кора 5: перекрёстный подъём конечностей с подтягиванием колена к локтю в положении отжимания
core-stability-regression-crosslateral-limb-raise-push-up-position;Core Stability Regression Crosslateral Limb Raise Push Up Position;Регрессия стабилизации кора: перекрёстный подъём конечностей в положении отжимания
corpse-pose;Corpse Pose;Поза трупа
crescent-moon-pose;Crescent Moon Pose;Поза полумесяца
crescent-moon-pose-quad-stretch;Crescent Moon Pose Quad Stretch;Поза полумесяца с растяжкой квадрицепса
crescent-moon-pose-quad-stretch-with-block;Crescent Moon Pose Quad Stretch With Block;Поза полумесяца с растяжкой квадрицепса и блоком
criss-cross-bow-tie-pose;Criss Cross Bow Tie Pose;Поза бабочки крест-накрест
crosslateral-core-stabilisation-unilateral-load-kettlebell;Crosslateral Core Stabilisation Unilateral Load Kettlebell;Перекрёстная стабилизация кора с односторонней нагрузкой гирей
crow-pose;Crow Pose;Поза ворона
crunches;Crunches;Скручивания
curtsy-lunge;Curtsy Lunge;Выпад-реверанс
curve-treadmill;Curve Treadmill;Изогнутая беговая дорожка
dead-bug;Dead Bug;Мёртвый жук
dead-bugs-cross-lateral;Dead Bugs Cross Lateral;Мёртвые жуки перекрёстно
dead-bugs-same-side;Dead Bugs Same Side;Мёртвые жуки на одной стороне
dead-hang;Dead Hang;Вис на перекладине
deadlift-bounces-stretch;Deadlift Bounces Stretch;Пружинящая растяжка в положении становой тяги
decline-push-up;Decline Push Up;Отжимание с ногами на возвышении
depth-jump;Depth Jump;Прыжок в глубину
diamond-push-ups;Diamond Push Ups;Алмазные отжимания
dorsal-flexion-hold;Dorsal Flexion Hold;Удержание тыльного сгибания
double-pigeon-pose;Double Pigeon Pose;Поза двойного голубя
downward-dog;Downward Dog;Собака мордой вниз
downward-dog-toe-to-heel;Downward Dog Toe To Heel;Собака мордой вниз с перекатом с носка на пятку
downward-dog-with-fingers-facing-feet;Downward Dog With Fingers Facing Feet;Собака мордой вниз с пальцами рук к стопам
dumbbell-alternating-arnold-press;Dumbbell Alternating Arnold Press;Поочерёдный жим Арнольда с гантелями
dumbbell-alternating-forward-lunge;Dumbbell Alternating Forward Lunge;Поочерёдный выпад вперёд с гантелями
dumbbell-alternating-lateral-lunge;Dumbbell Alternating Lateral Lunge;Поочерёдный боковой выпад с гантелями
dumbbell-alternating-overhead-press;Dumbbell Alternating Overhead Press;Поочерёдный жим над головой с гантелями
dumbbell-alternating-pendlay-row;Dumbbell Alternating Pendlay Row;Поочерёдный тяга Пендлея с гантелями
dumbbell-alternating-rear-delt-fly;Dumbbell Alternating Rear Delt Fly;Поочерёдный разведение рук на заднюю дельту с гантелями
dumbbell-alternating-reverse-lunge;Dumbbell Alternating Reverse Lunge;Поочерёдный обратный выпад с гантелями
dumbbell-alternating-single-arm-press;Dumbbell Alternating Single Arm Press;Поочерёдный одной рукой жим с гантелью
dumbbell-alternating-single-arm-thruster;Dumbbell Alternating Single Arm Thruster;Поочерёдный одной рукой трастер с гантелью
dumbbell-arnold-press;Dumbbell Arnold Press;Жим Арнольда с гантелями
dumbbell-assisted-bulgarian-split-squat;Dumbbell Assisted Bulgarian Split Squat;Болгарский сплит-присед с поддержкой с гантелями
dumbbell-bayesian-lateral-raise;Dumbbell Bayesian Lateral Raise;По Байесу подъём рук в стороны с гантелями
dumbbell-bench-braced-flat-curl;Dumbbell Bench Braced Flat Curl;На скамье с опорой на горизонтальной скамье сгибание рук с гантелями
dumbbell-bench-braced-hammer-flat-curl;Dumbbell Bench Braced Hammer Flat Curl;На скамье с опорой молотковый на горизонтальной скамье сгибание рук с гантелями
dumbbell-bench-braced-hammer-incline-curl;Dumbbell Bench Braced Hammer Incline Curl;На скамье с опорой молотковый на наклонной скамье сгибание рук с гантелями
dumbbell-bench-braced-incline-curl;Dumbbell Bench Braced Incline Curl;На скамье с опорой на наклонной скамье сгибание рук с гантелями
dumbbell-bench-braced-reverse-flat-curl;Dumbbell Bench Braced Reverse Flat Curl;На скамье с опорой обратный на горизонтальной скамье сгибание рук с гантелями
dumbbell-bench-braced-reverse-incline-curl;Dumbbell Bench Braced Reverse Incline Curl;На скамье с опорой обратный на наклонной скамье сгибание рук с гантелями
dumbbell-bench-braced-rolling-curl;Dumbbell Bench Braced Rolling Curl;На скамье с опорой сгибание рук с прокатом с гантелями
dumbbell-bench-braced-single-arm-overhead-tricep-extension;Dumbbell Bench Braced Single Arm Overhead Tricep Extension;На скамье с опорой одной рукой разгибание рук на трицепс над головой с гантелью
dumbbell-bench-press;Dumbbell Bench Press;Жим лёжа с гантелями
dumbbell-bench-wrist-curl;Dumbbell Bench Wrist Curl;На скамье сгибание запястий с гантелями
dumbbell-bench-wrist-extension;Dumbbell Bench Wrist Extension;На скамье разгибание запястий с гантелями
dumbbell-bent-arm-lateral-raise;Dumbbell Bent Arm Lateral Raise;С согнутой рукой подъём рук в стороны с гантелями
dumbbell-box-squat;Dumbbell Box Squat;Приседание на бокс с гантелями
dumbbell-bulgarian-split-squat;Dumbbell Bulgarian Split Squat;Болгарский сплит-присед с гантелями
dumbbell-calf-raise;Dumbbell Calf Raise;Подъём на носки с гантелями
dumbbell-chest-fly;Dumbbell Chest Fly;Разведение рук на грудь с гантелями
dumbbell-clean-and-press;Dumbbell Clean And Press;Взятие на грудь и жим с гантелями
dumbbell-concentration-curl;Dumbbell Concentration Curl;Концентрированное сгибание рук с гантелями
dumbbell-cross-body-romanian-deadlift;Dumbbell Cross Body Romanian Deadlift;Перекрёстный корпус румынская становая тяга с гантелями
dumbbell-crunch;Dumbbell Crunch;Скручивание с гантелями
dumbbell-cuban-press;Dumbbell Cuban Press;Кубинский жим с гантелями
dumbbell-curl;Dumbbell Curl;Сгибание рук с гантелями
dumbbell-curtsy-deficit-lunge;Dumbbell Curtsy Deficit Lunge;Выпад-реверанс с дефицитом с гантелями
dumbbell-decline-alternating-single-arm-press;Dumbbell Decline Alternating Single Arm Press;На скамье с отрицательным наклоном поочерёдный одной рукой жим с гантелью
dumbbell-decline-bench-press;Dumbbell Decline Bench Press;Жим лёжа на скамье с отрицательным наклоном с гантелями
dumbbell-decline-chest-fly;Dumbbell Decline Chest Fly;На скамье с отрицательным наклоном разведение рук на грудь с гантелями
dumbbell-decline-guillotine-bench-press;Dumbbell Decline Guillotine Bench Press;На скамье с отрицательным наклоном жим «гильотина» лёжа с гантелями
dumbbell-decline-neutral-bench-press;Dumbbell Decline Neutral Bench Press;На скамье с отрицательным наклоном нейтральным хватом жим лёжа с гантелями
dumbbell-decline-single-arm-bench-press;Dumbbell Decline Single Arm Bench Press;На скамье с отрицательным наклоном одной рукой жим лёжа с гантелью
dumbbell-decline-skullcrusher;Dumbbell Decline Skullcrusher;На скамье с отрицательным наклоном французский жим лёжа с гантелями
dumbbell-decline-squeeze-press;Dumbbell Decline Squeeze Press;На скамье с отрицательным наклоном сведение жим с гантелями
dumbbell-deficit-reverse-lunge;Dumbbell Deficit Reverse Lunge;С дефицитом обратный выпад с гантелями
dumbbell-drag-curl;Dumbbell Drag Curl;Сгибание рук вдоль тела с гантелями
dumbbell-elbow-side-plank;Dumbbell Elbow Side Plank;Локтя боковая планка с гантелями
dumbbell-elevated-pushup;Dumbbell Elevated Pushup;На возвышении отжимание с гантелями
dumbbell-external-rotation;Dumbbell External Rotation;Внешняя ротация с гантелями
dumbbell-farmer-walk;Dumbbell Farmer Walk;Прогулка фермера с гантелями
dumbbell-feet-down-russian-twist;Dumbbell Feet Down Russian Twist;Стоп вниз скручивание с поворотом с гантелями
dumbbell-feet-elevated-figure-four-glute-bridge;Dumbbell Feet Elevated Figure Four Glute Bridge;Стоп на возвышении ягодичный мост в положении «четвёрка» с гантелями
dumbbell-feet-elevated-glute-bridge;Dumbbell Feet Elevated Glute Bridge;Стоп на возвышении ягодичный мост с гантелями
dumbbell-feet-elevated-single-leg-glute-bridge;Dumbbell Feet Elevated Single Leg Glute Bridge;Стоп на возвышении одной ноги ягодичный мост с гантелями
dumbbell-feet-elevated-staggered-glute-bridge;Dumbbell Feet Elevated Staggered Glute Bridge;Стоп на возвышении со смещённой стойкой ягодичный мост с гантелями
dumbbell-figure-four-glute-bridge;Dumbbell Figure Four Glute Bridge;Ягодичный мост в положении «четвёрка» с гантелями
dumbbell-figure-four-heels-elevated-hip-thrust;Dumbbell Figure Four Heels Elevated Hip Thrust;В положении «четвёрка» пяток на возвышении ягодичный мост с опорой плечами с гантелями
dumbbell-figure-four-hip-thrust;Dumbbell Figure Four Hip Thrust;Ягодичный мост с опорой плечами в положении «четвёрка» с гантелями
dumbbell-flat-preacher-curl;Dumbbell Flat Preacher Curl;На горизонтальной скамье сгибание рук на скамье Скотта с гантелями
dumbbell-floor-fly;Dumbbell Floor Fly;Разведение рук лёжа на полу с гантелями
dumbbell-floor-press;Dumbbell Floor Press;Жим с пола с гантелями
dumbbell-forward-lunge;Dumbbell Forward Lunge;Выпад вперёд с гантелями
dumbbell-front-rack-curtsy-deficit-lunge;Dumbbell Front Rack Curtsy Deficit Lunge;Вперёд на стойке выпад-реверанс с дефицитом с гантелями
dumbbell-front-rack-deficit-reverse-lunge;Dumbbell Front Rack Deficit Reverse Lunge;Вперёд на стойке с дефицитом обратный выпад с гантелями
dumbbell-front-rack-pause-squat;Dumbbell Front Rack Pause Squat;Вперёд на стойке приседание с паузой с гантелями
dumbbell-front-rack-squat;Dumbbell Front Rack Squat;Вперёд на стойке приседание с гантелями
dumbbell-front-rack-stability-ball-wall-squat;Dumbbell Front Rack Stability Ball Wall Squat;Вперёд на стойке на фитболе приседание у стены с гантелями
dumbbell-front-rack-step-up;Dumbbell Front Rack Step Up;Вперёд на стойке подъём на платформу с гантелями
dumbbell-front-rack-step-up-knee-drive;Dumbbell Front Rack Step Up Knee Drive;Вперёд на стойке подъём на платформу с подъёмом колена с гантелями
dumbbell-front-raise;Dumbbell Front Raise;Подъём рук перед собой с гантелями
dumbbell-full-front-raise;Dumbbell Full Front Raise;Полный подъём рук перед собой с гантелями
dumbbell-full-lateral-raise;Dumbbell Full Lateral Raise;Полный подъём рук в стороны с гантелями
dumbbell-glute-bridge;Dumbbell Glute Bridge;Ягодичный мост с гантелями
dumbbell-goblet-alternating-curtsy-lunge;Dumbbell Goblet Alternating Curtsy Lunge;Гоблет поочерёдный выпад-реверанс с гантелями
dumbbell-goblet-bulgarian-split-squat;Dumbbell Goblet Bulgarian Split Squat;Гоблет болгарский сплит-присед с гантелями
dumbbell-goblet-curtsy-deficit-lunge;Dumbbell Goblet Curtsy Deficit Lunge;Гоблет выпад-реверанс с дефицитом с гантелями
dumbbell-goblet-curtsy-lunge;Dumbbell Goblet Curtsy Lunge;Гоблет выпад-реверанс с гантелями
dumbbell-goblet-deficit-reverse-lunge;Dumbbell Goblet Deficit Reverse Lunge;Гоблет с дефицитом обратный выпад с гантелями
dumbbell-goblet-forward-lunge;Dumbbell Goblet Forward Lunge;Гоблет выпад вперёд с гантелями
dumbbell-goblet-good-morning;Dumbbell Goblet Good Morning;Гоблет наклон «доброе утро» с гантелями
dumbbell-goblet-lateral-lunge;Dumbbell Goblet Lateral Lunge;Гоблет боковой выпад с гантелями
dumbbell-goblet-pulse-squat;Dumbbell Goblet Pulse Squat;Гоблет пульсирующее приседание с гантелями
dumbbell-goblet-reverse-lunge;Dumbbell Goblet Reverse Lunge;Гоблет обратный выпад с гантелями
dumbbell-goblet-side-step-up;Dumbbell Goblet Side Step Up;Гоблет боковой подъём на платформу с гантелями
dumbbell-goblet-split-squat;Dumbbell Goblet Split Squat;Гоблет сплит-присед с гантелями
dumbbell-goblet-squat;Dumbbell Goblet Squat;Гоблет-приседание с гантелями
dumbbell-goblet-step-up;Dumbbell Goblet Step Up;Гоблет подъём на платформу с гантелями
dumbbell-guillotine-bench-press;Dumbbell Guillotine Bench Press;Жим «гильотина» лёжа с гантелями
dumbbell-guillotine-incline-bench-press;Dumbbell Guillotine Incline Bench Press;«гильотина» жим лёжа на наклонной скамье с гантелями
dumbbell-half-kneeling-goblet-romanian-deadlift;Dumbbell Half Kneeling Goblet Romanian Deadlift;На одном колене гоблет румынская становая тяга с гантелями
dumbbell-half-kneeling-overhead-press;Dumbbell Half Kneeling Overhead Press;На одном колене жим над головой с гантелями
dumbbell-half-kneeling-romanian-deadlift;Dumbbell Half Kneeling Romanian Deadlift;На одном колене румынская становая тяга с гантелями
dumbbell-half-kneeling-single-arm-overhead-press;Dumbbell Half Kneeling Single Arm Overhead Press;На одном колене одной рукой жим над головой с гантелью
dumbbell-half-kneeling-wood-chopper;Dumbbell Half Kneeling Wood Chopper;На одном колене дровосек с гантелями
dumbbell-hammer-curl;Dumbbell Hammer Curl;Молотковое сгибание рук с гантелями
dumbbell-hand-side-plank;Dumbbell Hand Side Plank;На руках боковая планка с гантелями
dumbbell-hang-clean-and-press;Dumbbell Hang Clean And Press;Взятие на грудь с виса и жим с гантелями
dumbbell-head-on-bench-rear-delt-fly;Dumbbell Head On Bench Rear Delt Fly;Головы на на скамье разведение рук на заднюю дельту с гантелями
dumbbell-heels-elevated-hip-thrust;Dumbbell Heels Elevated Hip Thrust;Пяток на возвышении ягодичный мост с опорой плечами с гантелями
dumbbell-heels-up-goblet-squat;Dumbbell Heels Up Goblet Squat;Пяток вверх гоблет-приседание с гантелями
dumbbell-heels-up-narrow-goblet-squat;Dumbbell Heels Up Narrow Goblet Squat;Пяток вверх узкий гоблет-приседание с гантелями
dumbbell-high-incline-bench-press;Dumbbell High Incline Bench Press;Верхний жим лёжа на наклонной скамье с гантелями
dumbbell-high-incline-skullover;Dumbbell High Incline Skullover;Верхний на наклонной скамье скалл-пуловер с гантелями
dumbbell-hip-thrust;Dumbbell Hip Thrust;Ягодичный мост с опорой плечами с гантелями
dumbbell-hollow-hold;Dumbbell Hollow Hold;Удержание «банан» с гантелями
dumbbell-incline-bench-press;Dumbbell Incline Bench Press;Жим лёжа на наклонной скамье с гантелями
dumbbell-incline-chest-fly;Dumbbell Incline Chest Fly;На наклонной скамье разведение рук на грудь с гантелями
dumbbell-incline-chest-flys;Dumbbell Incline Chest Flys;На наклонной скамье груди разведение рук с гантелями
dumbbell-incline-curl;Dumbbell Incline Curl;На наклонной скамье сгибание рук с гантелями
dumbbell-incline-front-raise;Dumbbell Incline Front Raise;На наклонной скамье подъём рук перед собой с гантелями
dumbbell-incline-hammer-curl;Dumbbell Incline Hammer Curl;На наклонной скамье молотковое сгибание рук с гантелями
dumbbell-incline-reverse-curl;Dumbbell Incline Reverse Curl;На наклонной скамье обратное сгибание рук с гантелями
dumbbell-incline-skullcrusher;Dumbbell Incline Skullcrusher;На наклонной скамье французский жим лёжа с гантелями
dumbbell-incline-skullover;Dumbbell Incline Skullover;На наклонной скамье скалл-пуловер с гантелями
dumbbell-incline-twisting-curl;Dumbbell Incline Twisting Curl;На наклонной скамье сгибание рук с поворотом с гантелями
dumbbell-incline-zottman-curl;Dumbbell Incline Zottman Curl;На наклонной скамье сгибание Зоттмана с гантелями
dumbbell-internal-rotation;Dumbbell Internal Rotation;Внутренняя ротация с гантелями
dumbbell-internally-rotated-chest-fly;Dumbbell Internally Rotated Chest Fly;С внутренней ротацией разведение рук на грудь с гантелями
dumbbell-internally-rotated-floor-fly;Dumbbell Internally Rotated Floor Fly;С внутренней ротацией разведение рук лёжа на полу с гантелями
dumbbell-internally-rotated-incline-chest-fly;Dumbbell Internally Rotated Incline Chest Fly;С внутренней ротацией на наклонной скамье разведение рук на грудь с гантелями
dumbbell-internally-rotated-rear-delt-fly;Dumbbell Internally Rotated Rear Delt Fly;С внутренней ротацией разведение рук на заднюю дельту с гантелями
dumbbell-internally-rotated-single-arm-floor-fly;Dumbbell Internally Rotated Single Arm Floor Fly;С внутренней ротацией одной рукой разведение рук лёжа на полу с гантелью
dumbbell-kickstand-squat;Dumbbell Kickstand Squat;С опорой одной ногой приседание с гантелями
dumbbell-knee-lawnmower-row;Dumbbell Knee Lawnmower Row;Колена тяга «газонокосилка» с гантелями
dumbbell-kneeling-single-arm-row;Dumbbell Kneeling Single Arm Row;На коленях одной рукой тяга с гантелью
dumbbell-kneeling-wood-chopper;Dumbbell Kneeling Wood Chopper;На коленях дровосек с гантелями
dumbbell-larsen-press;Dumbbell Larsen Press;Ларсена жим с гантелями
dumbbell-lateral-lunge-reach;Dumbbell Lateral Lunge Reach;Боковой выпад дотягивание с гантелями
dumbbell-lateral-raise;Dumbbell Lateral Raise;Подъём рук в стороны с гантелями
dumbbell-laying-30-degree-shrug;Dumbbell Laying 30 Degree Shrug;Лёжа шраги под углом 30 градусов с гантелями
dumbbell-laying-curl;Dumbbell Laying Curl;Лёжа сгибание рук с гантелями
dumbbell-laying-incline-lateral-raise;Dumbbell Laying Incline Lateral Raise;Лёжа на наклонной скамье подъём рук в стороны с гантелями
dumbbell-laying-incline-row;Dumbbell Laying Incline Row;Лёжа на наклонной скамье тяга с гантелями
dumbbell-laying-reverse-fly;Dumbbell Laying Reverse Fly;Лёжа обратное разведение рук с гантелями
dumbbell-laying-reverse-fly-internally-rotated;Dumbbell Laying Reverse Fly Internally Rotated;Лёжа обратное разведение рук с внутренней ротацией с гантелями
dumbbell-laying-silverback-shrug;Dumbbell Laying Silverback Shrug;Лёжа шраги «сильвербэк» с гантелями
dumbbell-leg-curl;Dumbbell Leg Curl;Сгибание ног с гантелями
dumbbell-leg-extension;Dumbbell Leg Extension;Разгибание ног с гантелями
dumbbell-long-lever-russian-twist;Dumbbell Long Lever Russian Twist;Длинный рычаг скручивание с поворотом с гантелями
dumbbell-neutral-alternating-overhead-press;Dumbbell Neutral Alternating Overhead Press;Нейтральным хватом поочерёдный жим над головой с гантелями
dumbbell-neutral-bench-press;Dumbbell Neutral Bench Press;Нейтральным хватом жим лёжа с гантелями
dumbbell-neutral-high-incline-bench-press;Dumbbell Neutral High Incline Bench Press;Нейтральным хватом верхний жим лёжа на наклонной скамье с гантелями
dumbbell-neutral-incline-bench-press;Dumbbell Neutral Incline Bench Press;Нейтральным хватом жим лёжа на наклонной скамье с гантелями
dumbbell-neutral-overhead-press;Dumbbell Neutral Overhead Press;Нейтральным хватом жим над головой с гантелями
dumbbell-neutral-seated-overhead-press;Dumbbell Neutral Seated Overhead Press;Нейтральным хватом сидя жим над головой с гантелями
dumbbell-offset-squat;Dumbbell Offset Squat;Асимметричный приседание с гантелями
dumbbell-overhead-press;Dumbbell Overhead Press;Жим над головой с гантелями
dumbbell-overhead-side-bend;Dumbbell Overhead Side Bend;Над головой наклон в сторону с гантелями
dumbbell-overhead-squat;Dumbbell Overhead Squat;Над головой приседание с гантелями
dumbbell-overhead-tricep-extension;Dumbbell Overhead Tricep Extension;Разгибание рук на трицепс над головой с гантелями
dumbbell-pendlay-row;Dumbbell Pendlay Row;Тяга Пендлея с гантелями
dumbbell-plank-pullthrough;Dumbbell Plank Pullthrough;Планка тяга между ног с гантелями
dumbbell-preacher-curl;Dumbbell Preacher Curl;Сгибание рук на скамье Скотта с гантелями
dumbbell-pullover;Dumbbell Pullover;Пуловер с гантелями
dumbbell-pullover-eccentrics;Dumbbell Pullover Eccentrics;Пуловер эксцентрическая фаза с гантелями
dumbbell-push-press;Dumbbell Push Press;Толчковый жим с гантелями
dumbbell-quad-stomp;Dumbbell Quad Stomp;Топание квадрицепсом с гантелями
dumbbell-rear-delt-fly;Dumbbell Rear Delt Fly;Разведение рук на заднюю дельту с гантелями
dumbbell-rear-delt-row;Dumbbell Rear Delt Row;Тяга на заднюю дельту с гантелями
dumbbell-renegade-row;Dumbbell Renegade Row;Тяга гантелей в планке с гантелями
dumbbell-reverse-curl;Dumbbell Reverse Curl;Обратное сгибание рук с гантелями
dumbbell-reverse-grip-bench-press;Dumbbell Reverse Grip Bench Press;Жим лёжа обратным хватом с гантелями
dumbbell-reverse-lunge;Dumbbell Reverse Lunge;Обратный выпад с гантелями
dumbbell-rolling-tricep-extension;Dumbbell Rolling Tricep Extension;С прокатом разгибание рук на трицепс с гантелями
dumbbell-romanian-deadlift;Dumbbell Romanian Deadlift;Румынская становая тяга с гантелями
dumbbell-row-bilateral;Dumbbell Row Bilateral;Тяга двусторонний с гантелями
dumbbell-row-unilateral;Dumbbell Row Unilateral;Тяга односторонний с гантелями
dumbbell-russian-twist;Dumbbell Russian Twist;Скручивание с поворотом с гантелями
dumbbell-seated-arnold-press;Dumbbell Seated Arnold Press;Сидя жим Арнольда с гантелями
dumbbell-seated-calf-raise;Dumbbell Seated Calf Raise;Сидя подъём на носки с гантелями
dumbbell-seated-curl;Dumbbell Seated Curl;Сидя сгибание рук с гантелями
dumbbell-seated-full-lateral-raise;Dumbbell Seated Full Lateral Raise;Сидя полный подъём рук в стороны с гантелями
dumbbell-seated-hammer-curl;Dumbbell Seated Hammer Curl;Сидя молотковое сгибание рук с гантелями
dumbbell-seated-overhead-press;Dumbbell Seated Overhead Press;Сидя жим над головой с гантелями
dumbbell-seated-overhead-tricep-extension;Dumbbell Seated Overhead Tricep Extension;Сидя разгибание рук на трицепс над головой с гантелями
dumbbell-seated-rear-delt-fly;Dumbbell Seated Rear Delt Fly;Сидя разведение рук на заднюю дельту с гантелями
dumbbell-seated-rear-delt-row;Dumbbell Seated Rear Delt Row;Сидя тяга на заднюю дельту с гантелями
dumbbell-seated-reverse-curl;Dumbbell Seated Reverse Curl;Сидя обратное сгибание рук с гантелями
dumbbell-seated-shrug;Dumbbell Seated Shrug;Сидя шраги с гантелями
dumbbell-seated-single-arm-arnold-press;Dumbbell Seated Single Arm Arnold Press;Сидя одной рукой жим Арнольда с гантелью
dumbbell-seated-single-arm-curl;Dumbbell Seated Single Arm Curl;Сидя одной рукой сгибание рук с гантелью
dumbbell-seated-single-arm-full-lateral-raise;Dumbbell Seated Single Arm Full Lateral Raise;Сидя одной рукой полный подъём рук в стороны с гантелью
dumbbell-seated-single-arm-hammer-curl;Dumbbell Seated Single Arm Hammer Curl;Сидя одной рукой молотковое сгибание рук с гантелью
dumbbell-seated-single-arm-lateral-raise;Dumbbell Seated Single Arm Lateral Raise;Сидя одной рукой подъём рук в стороны с гантелью
dumbbell-seated-single-arm-reverse-curl;Dumbbell Seated Single Arm Reverse Curl;Сидя одной рукой обратное сгибание рук с гантелью
dumbbell-seated-tibialis-raise;Dumbbell Seated Tibialis Raise;Сидя подъём носков с гантелями
dumbbell-seated-y-press;Dumbbell Seated Y Press;Сидя Y-жим с гантелями
dumbbell-seated-zottman-curl;Dumbbell Seated Zottman Curl;Сидя сгибание Зоттмана с гантелями
dumbbell-service-exercise;Dumbbell Service Exercise;Служебное упражнение с гантелями
dumbbell-shoulder-extension;Dumbbell Shoulder Extension;Разгибание плеча с гантелями
dumbbell-shoulder-external-rotation;Dumbbell Shoulder External Rotation;Плеча внешняя ротация с гантелями
dumbbell-shrug;Dumbbell Shrug;Шраги с гантелями
dumbbell-side-bend;Dumbbell Side Bend;Наклон в сторону с гантелями
dumbbell-side-plank-up-down;Dumbbell Side Plank Up Down;Боковая планка вверх вниз с гантелями
dumbbell-side-step-up;Dumbbell Side Step Up;Боковой подъём на платформу с гантелями
dumbbell-silverback-shrug;Dumbbell Silverback Shrug;Шраги «сильвербэк» с гантелями
dumbbell-single-arm-arnold-press;Dumbbell Single Arm Arnold Press;Одной рукой жим Арнольда с гантелью
dumbbell-single-arm-bench-braced-flat-curl;Dumbbell Single Arm Bench Braced Flat Curl;Одной рукой на скамье с опорой на горизонтальной скамье сгибание рук с гантелью
dumbbell-single-arm-bench-braced-hammer-flat-curl;Dumbbell Single Arm Bench Braced Hammer Flat Curl;Одной рукой на скамье с опорой молотковый на горизонтальной скамье сгибание рук с гантелью
dumbbell-single-arm-bench-braced-hammer-incline-curl;Dumbbell Single Arm Bench Braced Hammer Incline Curl;Одной рукой на скамье с опорой молотковый на наклонной скамье сгибание рук с гантелью
dumbbell-single-arm-bench-braced-incline-curl;Dumbbell Single Arm Bench Braced Incline Curl;Одной рукой на скамье с опорой на наклонной скамье сгибание рук с гантелью
dumbbell-single-arm-bench-braced-reverse-flat-curl;Dumbbell Single Arm Bench Braced Reverse Flat Curl;Одной рукой на скамье с опорой обратный на горизонтальной скамье сгибание рук с гантелью
dumbbell-single-arm-bench-braced-reverse-incline-curl;Dumbbell Single Arm Bench Braced Reverse Incline Curl;Одной рукой на скамье с опорой обратный на наклонной скамье сгибание рук с гантелью
dumbbell-single-arm-bench-wrist-curl;Dumbbell Single Arm Bench Wrist Curl;Одной рукой на скамье сгибание запястий с гантелью
dumbbell-single-arm-bench-wrist-extension;Dumbbell Single Arm Bench Wrist Extension;Одной рукой на скамье разгибание запястий с гантелью
dumbbell-single-arm-chest-press;Dumbbell Single Arm Chest Press;Одной рукой жим от груди с гантелью
dumbbell-single-arm-clean-and-press;Dumbbell Single Arm Clean And Press;Одной рукой взятие на грудь и жим с гантелью
dumbbell-single-arm-floor-fly;Dumbbell Single Arm Floor Fly;Одной рукой разведение рук лёжа на полу с гантелью
dumbbell-single-arm-front-rack-step-up;Dumbbell Single Arm Front Rack Step Up;Одной рукой вперёд на стойке подъём на платформу с гантелью
dumbbell-single-arm-front-rack-step-up-knee-drive;Dumbbell Single Arm Front Rack Step Up Knee Drive;Одной рукой вперёд на стойке подъём на платформу с подъёмом колена с гантелью
dumbbell-single-arm-hammer-curl;Dumbbell Single Arm Hammer Curl;Одной рукой молотковое сгибание рук с гантелью
dumbbell-single-arm-hang-clean-and-press;Dumbbell Single Arm Hang Clean And Press;Одной рукой взятие на грудь с виса и жим с гантелью
dumbbell-single-arm-high-incline-chest-press;Dumbbell Single Arm High Incline Chest Press;Одной рукой верхний на наклонной скамье жим от груди с гантелью
dumbbell-single-arm-incline-chest-press;Dumbbell Single Arm Incline Chest Press;Одной рукой на наклонной скамье жим от груди с гантелью
dumbbell-single-arm-incline-curl;Dumbbell Single Arm Incline Curl;Одной рукой на наклонной скамье сгибание рук с гантелью
dumbbell-single-arm-incline-hammer-curl;Dumbbell Single Arm Incline Hammer Curl;Одной рукой на наклонной скамье молотковое сгибание рук с гантелью
dumbbell-single-arm-incline-reverse-curl;Dumbbell Single Arm Incline Reverse Curl;Одной рукой на наклонной скамье обратное сгибание рук с гантелью
dumbbell-single-arm-incline-skullcrusher;Dumbbell Single Arm Incline Skullcrusher;Одной рукой на наклонной скамье французский жим лёжа с гантелью
dumbbell-single-arm-incline-twisting-curl;Dumbbell Single Arm Incline Twisting Curl;Одной рукой на наклонной скамье сгибание рук с поворотом с гантелью
dumbbell-single-arm-larsen-press;Dumbbell Single Arm Larsen Press;Одной рукой Ларсена жим с гантелью
dumbbell-single-arm-neutral-overhead-press;Dumbbell Single Arm Neutral Overhead Press;Одной рукой нейтральным хватом жим над головой с гантелью
dumbbell-single-arm-overhead-press;Dumbbell Single Arm Overhead Press;Одной рукой жим над головой с гантелью
dumbbell-single-arm-overhead-tricep-extension;Dumbbell Single Arm Overhead Tricep Extension;Одной рукой разгибание рук на трицепс над головой с гантелью
dumbbell-single-arm-pendlay-row;Dumbbell Single Arm Pendlay Row;Одной рукой тяга Пендлея с гантелью
dumbbell-single-arm-preacher-curl;Dumbbell Single Arm Preacher Curl;Одной рукой сгибание рук на скамье Скотта с гантелью
dumbbell-single-arm-press;Dumbbell Single Arm Press;Одной рукой жим с гантелью
dumbbell-single-arm-pullover;Dumbbell Single Arm Pullover;Одной рукой пуловер с гантелью
dumbbell-single-arm-push-press;Dumbbell Single Arm Push Press;Одной рукой толчковый жим с гантелью
dumbbell-single-arm-rear-delt-row;Dumbbell Single Arm Rear Delt Row;Одной рукой тяга на заднюю дельту с гантелью
dumbbell-single-arm-row;Dumbbell Single Arm Row;Одной рукой тяга с гантелью
dumbbell-single-arm-row-knee;Dumbbell Single Arm Row Knee;Одной рукой тяга колена с гантелью
dumbbell-single-arm-seated-hammer-curl;Dumbbell Single Arm Seated Hammer Curl;Одной рукой сидя молотковое сгибание рук с гантелью
dumbbell-single-arm-seated-overhead-tricep-extension;Dumbbell Single Arm Seated Overhead Tricep Extension;Одной рукой сидя разгибание рук на трицепс над головой с гантелью
dumbbell-single-arm-shoulder-extension;Dumbbell Single Arm Shoulder Extension;Одной рукой разгибание плеча с гантелью
dumbbell-single-arm-skullcrusher;Dumbbell Single Arm Skullcrusher;Одной рукой французский жим лёжа с гантелью
dumbbell-single-arm-spider-curl;Dumbbell Single Arm Spider Curl;Одной рукой сгибание рук на наклонной скамье лицом вниз с гантелью
dumbbell-single-arm-step-up;Dumbbell Single Arm Step Up;Одной рукой подъём на платформу с гантелью
dumbbell-single-arm-step-up-knee-drive;Dumbbell Single Arm Step Up Knee Drive;Одной рукой подъём на платформу с подъёмом колена с гантелью
dumbbell-single-arm-thruster;Dumbbell Single Arm Thruster;Одной рукой трастер с гантелью
dumbbell-single-arm-tricep-guilotine-press;Dumbbell Single Arm Tricep Guilotine Press;Одной рукой на трицепс гильотина жим с гантелью
dumbbell-single-arm-upright-row;Dumbbell Single Arm Upright Row;Одной рукой тяга к подбородку с гантелью
dumbbell-single-leg-calf-raise;Dumbbell Single Leg Calf Raise;Одной ноги подъём на носки с гантелями
dumbbell-single-leg-glute-bridge;Dumbbell Single Leg Glute Bridge;Одной ноги ягодичный мост с гантелями
dumbbell-single-leg-heels-elevated-hip-thrust;Dumbbell Single Leg Heels Elevated Hip Thrust;Одной ноги пяток на возвышении ягодичный мост с опорой плечами с гантелями
dumbbell-single-leg-hip-thrust;Dumbbell Single Leg Hip Thrust;Одной ноги ягодичный мост с опорой плечами с гантелями
dumbbell-single-leg-single-arm-deadlift;Dumbbell Single Leg Single Arm Deadlift;Одной ноги одной рукой становая тяга с гантелью
dumbbell-single-leg-stiff-leg-deadlift;Dumbbell Single Leg Stiff Leg Deadlift;Одной ноги становая тяга на прямых ногах с гантелями
dumbbell-situp;Dumbbell Situp;Подъём туловища с гантелями
dumbbell-six-way-lateral-raise;Dumbbell Six Way Lateral Raise;В шести направлениях подъём рук в стороны с гантелями
dumbbell-skullcrusher;Dumbbell Skullcrusher;Французский жим лёжа с гантелями
dumbbell-somersault-squat;Dumbbell Somersault Squat;Приседание с наклоном кувырком с гантелями
dumbbell-spider-curl;Dumbbell Spider Curl;Сгибание рук на наклонной скамье лицом вниз с гантелями
dumbbell-spinal-jefferson-curl;Dumbbell Spinal Jefferson Curl;Сгибание позвоночника Джефферсона с гантелями
dumbbell-split-squat;Dumbbell Split Squat;Сплит-присед с гантелями
dumbbell-squeeze-press;Dumbbell Squeeze Press;Сведение жим с гантелями
dumbbell-stability-ball-wall-squat;Dumbbell Stability Ball Wall Squat;На фитболе приседание у стены с гантелями
dumbbell-staggered-deadlift;Dumbbell Staggered Deadlift;Со смещённой стойкой становая тяга с гантелями
dumbbell-staggered-glute-bridge;Dumbbell Staggered Glute Bridge;Со смещённой стойкой ягодичный мост с гантелями
dumbbell-staggered-hip-thrust;Dumbbell Staggered Hip thrust;Со смещённой стойкой ягодичный мост с опорой плечами с гантелями
dumbbell-staggered-waiters-bow;Dumbbell Staggered Waiters Bow;Со смещённой стойкой поклон официанта с гантелями
dumbbell-standing-bayesian-lateral-raise;Dumbbell Standing Bayesian Lateral Raise;Стоя по Байесу подъём рук в стороны с гантелями
dumbbell-standing-hip-abduction;Dumbbell Standing Hip Abduction;Стоя отведение бедра с гантелями
dumbbell-standing-single-arm-curl;Dumbbell Standing Single Arm Curl;Стоя одной рукой сгибание рук с гантелью
dumbbell-standing-single-arm-hammer-curl;Dumbbell Standing Single Arm Hammer Curl;Стоя одной рукой молотковое сгибание рук с гантелью
dumbbell-standing-single-arm-reverse-curl;Dumbbell Standing Single Arm Reverse Curl;Стоя одной рукой обратное сгибание рук с гантелью
dumbbell-standing-single-arm-twisting-curl;Dumbbell Standing Single Arm Twisting Curl;Стоя одной рукой сгибание рук с поворотом с гантелью
dumbbell-standing-tibialis-raise;Dumbbell Standing Tibialis Raise;Стоя подъём носков с гантелями
dumbbell-step-up;Dumbbell Step Up;Подъём на платформу с гантелями
dumbbell-step-up-knee-drive;Dumbbell Step Up Knee Drive;Подъём на платформу с подъёмом колена с гантелями
dumbbell-suitcase-crunch;Dumbbell Suitcase Crunch;Чемодан скручивание с гантелями
dumbbell-sumo-squat;Dumbbell Sumo Squat;Приседание сумо с гантелями
dumbbell-superman;Dumbbell Superman;Супермен с гантелями
dumbbell-superman-hold;Dumbbell Superman Hold;Супермен удержание с гантелями
dumbbell-supinated-row;Dumbbell Supinated Row;Супинированным хватом тяга с гантелями
dumbbell-swing;Dumbbell Swing;Мах с гантелями
dumbbell-swing-lunge;Dumbbell Swing Lunge;Выпад с махом с гантелями
dumbbell-tate-press;Dumbbell Tate Press;Жим Тейта с гантелями
dumbbell-thruster;Dumbbell Thruster;Трастер с гантелями
dumbbell-tricep-guillotine-press;Dumbbell Tricep Guillotine Press;На трицепс «гильотина» жим с гантелями
dumbbell-tricep-kickback;Dumbbell Tricep Kickback;Отведение руки назад на трицепс с гантелями
dumbbell-twisting-curl;Dumbbell Twisting Curl;Сгибание рук с поворотом с гантелями
dumbbell-upright-row;Dumbbell Upright Row;Тяга к подбородку с гантелями
dumbbell-waiters-bow;Dumbbell Waiters Bow;Поклон официанта с гантелями
dumbbell-weighted-chin-ups;Dumbbell Weighted Chin Ups;С отягощением подтягивания обратным хватом с гантелями
dumbbell-weighted-dip;Dumbbell Weighted Dip;С отягощением отжимание на брусьях с гантелями
dumbbell-weighted-pull-ups;Dumbbell Weighted Pull Ups;С отягощением подтягивания с гантелями
dumbbell-wood-chopper;Dumbbell Wood Chopper;Дровосек с гантелями
dumbbell-wrist-curl;Dumbbell Wrist Curl;Сгибание запястий с гантелями
dumbbell-wrist-extension;Dumbbell Wrist Extension;Разгибание запястий с гантелями
dumbbell-wrist-supinations-pronations;Dumbbell Wrist Supinations Pronations;Запястья супинации и пронации с гантелями
dumbbell-y-press;Dumbbell Y Press;Y-жим с гантелями
dumbbell-zottman-curl;Dumbbell Zottman Curl;Сгибание Зоттмана с гантелями
eagle-arms-chin-into-chest;Eagle Arms Chin Into Chest;Поза орла руками, подбородок к груди
easy-pose-neck-stretch;Easy Pose Neck Stretch;Растяжка шеи в простой позе
eccentric-dragonflag;Eccentric Dragonflag;Эксцентрический драконий флаг
elbow-extensor-isometric-seated-overhead-dumbbell;Elbow Extensor Isometric Seated Overhead Dumbbell;Локтя разгибатель изометрический сидя над головой гантель
elbow-extensor-mobilisation-kneeling-lacrosse-ball;Elbow Extensor Mobilisation Kneeling Lacrosse Ball;Локтя разгибатель мобилизация на коленях лакросс мяч
elbow-plank-mountain-climber;Elbow Plank Mountain Climber;Планка на локтях альпинист
elbow-side-plank;Elbow Side Plank;Локтя боковая планка
elevated-pike-press;Elevated Pike Press;На возвышении пайк-жим
elevated-pike-shoulder-shrug;Elevated Pike Shoulder Shrug;На возвышении пайк плеча шраги
elliptical;Elliptical;Эллиптический тренажёр
eversions;Eversions;Эверсии стопы
extended-side-angle-pose;extended-side-angle-pose;Вытянутыми боковой угол поза
extended-side-angle-pose-with-block;Extended side Angle Pose With Block;Вытянутыми боковой угол поза с блоками
ez-bar-close-grip-curl;Ez Bar Close Grip Curl;Узкий хват сгибание рук с EZ-грифом
ez-bar-cuban-press;Ez Bar Cuban Press;Кубинский жим с EZ-грифом
ez-bar-curl;Ez Bar Curl;Сгибание рук с EZ-грифом
ez-bar-drag-curl;Ez Bar Drag Curl;Сгибание рук вдоль тела с EZ-грифом
ez-bar-front-raise;Ez Bar Front Raise;Подъём рук перед собой с EZ-грифом
ez-bar-overhead-press;Ez Bar Overhead Press;Жим над головой с EZ-грифом
ez-bar-overhead-tricep-extension;Ez Bar Overhead Tricep Extension;Разгибание рук на трицепс над головой с EZ-грифом
ez-bar-preacher-curl;EZ Bar Preacher Curl;Сгибание рук на скамье Скотта с EZ-грифом
ez-bar-reverse-curl;Ez Bar Reverse Curl;Обратное сгибание рук с EZ-грифом
ez-bar-reverse-preacher-curl;EZ Bar Reverse Preacher Curl;Обратный сгибание рук на скамье Скотта с EZ-грифом
ez-bar-reverse-spider-curl;Ez Bar Reverse Spider Curl;Обратный сгибание рук на наклонной скамье лицом вниз с EZ-грифом
ez-bar-romanian-deadlift;Ez Bar Romanian Deadlift;Румынская становая тяга с EZ-грифом
ez-bar-shrug;Ez Bar Shrug;Шраги с EZ-грифом
ez-bar-spider-curl;Ez Bar Spider Curl;Сгибание рук на наклонной скамье лицом вниз с EZ-грифом
ez-bar-upright-row;Ez Bar Upright Row;Тяга к подбородку с EZ-грифом
ez-bar-zercher-squat;Ez Bar Zercher Squat;Зерхера приседание с EZ-грифом
femoral-nerve-mobilisation;Femoral Nerve Mobilisation;Мобилизация бедренного нерва
floor-incline-leg-raise;Floor Incline Leg Raise;На полу на наклонной скамье подъём ног
floor-knee-pull-bilateral;Floor Knee Pull Bilateral;На полу подтягивание колена двусторонний
foam-roller-quad-mobilisation;Foam Roller Quad Mobilisation;Квадрицепса мобилизация с массажным роликом
forearm-plank;Forearm Plank;Планка на предплечьях
forearms-stretch-variation-four;Forearms Stretch Variation Four;Растяжка предплечий, вариант 4
forearms-stretch-variation-one;Forearms Stretch Variation One;Растяжка предплечий, вариант 1
forearms-stretch-variation-three;Forearms Stretch Variation Three;Растяжка предплечий, вариант 3
forearms-stretch-variation-two;Forearms Stretch Variation Two;Растяжка предплечий, вариант 2
forward-arm-circle;Forward Arm Circle;Круговые вращения руками вперёд
forward-lunge;Forward Lunge;Выпад вперёд
forward-lunges;Forward Lunges;Вперёд выпады
frog-crunch;Frog Crunch;Скручивание «лягушка»
frog-sit-up;Frog Sit Up;Подъём туловища «лягушка»
gastrocnemius-stretch-bilateral-on-box;Gastrocnemius Stretch Bilateral On Box;Растяжка икроножной мышцы двусторонний на на коробке
gastrocnemius-stretch-push-up-position;Gastrocnemius Stretch Push Up Position;Растяжка икроножной мышцы отжимание положение
gastrocnemius-stretch-unilateral-on-box;Gastrocnemius Stretch Unilateral On Box;Растяжка икроножной мышцы односторонний на на коробке
gastrocnemius-stretch-unilateral-on-wall;Gastrocnemius Stretch Unilateral On Wall;Растяжка икроножной мышцы односторонний на у стены
gate-pose-rounding-spine-looking-up;Gate Pose Rounding Spine Looking Up;Ворот поза округление позвоночника взгляд вверх
gate-pose-variation-arm-extended-on-side;Gate Pose Variation Arm Extended on Side;Ворот поза вариант рукой вытянутыми на боковой
gironda-chin-up;Gironda Chin Up;Жиронды подтягивание обратным хватом
glute-bridge;Glute Bridge;Ягодичный мост
glute-bridge-eccentric-unilateral;Glute Bridge Eccentric Unilateral;Ягодичный мост эксцентрический односторонний
glute-bridge-isometric-hold-single-alternate;Glute Bridge Isometric Hold Single Alternate;Ягодичный мост изометрический удержание одной поочерёдный
glute-ham-raise;Glute Ham Raise;Ягодичных мышц задняя поверхность бедра подъём
glute-hip-rotator-stretch-1-seated;Glute Hip Rotator Stretch 1 Seated;Ягодичных мышц тазобедренных суставов ротаторов растяжка 1 сидя
glute-hip-rotator-stretch-2-seated;Glute Hip Rotator Stretch 2 Seated;Ягодичных мышц тазобедренных суставов ротаторов растяжка 2 сидя
glute-hip-rotator-stretch-3-seated;Glute Hip Rotator Stretch 3 Seated;Ягодичных мышц тазобедренных суставов ротаторов растяжка 3 сидя
glute-hip-rotator-stretch-supine;Glute Hip Rotator Stretch Supine;Ягодичных мышц тазобедренных суставов ротаторов растяжка лёжа лицом вверх
glute-piriformis-mobilisation-1-floor-seated-lacrosse-ball;Glute Piriformis Mobilisation 1 Floor Seated Lacrosse Ball;Ягодичных мышц грушевидной мышцы мобилизация 1 на полу сидя лакросс мяч
glute-stretch-knee-pull-dynamic-standing;Glute Stretch Knee Pull Dynamic Standing;Ягодичных мышц растяжка подтягивание колена динамическая стоя
glute-stretch-static-unilateral;Glute Stretch Static Unilateral;Ягодичных мышц растяжка статическая односторонний
gluteator;Gluteator;Глютеатор
glutes-stretch-variation-one;Glutes Stretch Variation One;Растяжка ягодичных мышц, вариант 1
glutes-stretch-variation-three;Glutes Stretch Variation Three;Растяжка ягодичных мышц, вариант 3
glutes-stretch-variation-two;Glutes Stretch Variation Two;Растяжка ягодичных мышц, вариант 2
good-mornings;Good Mornings;Наклоны «доброе утро»
half-kneeling-hip-hinge;Half Kneeling Hip Hinge;На одном колене наклон с прямой спиной
half-lotus;Half Lotus;Полулотос
half-monkey-pose;Half Monkey Pose;Поза полушпагата
half-neck-rolls;Half Neck Rolls;На одном шеи круговые движения
hamstring-bridge-isometric-open-angle;Hamstring Bridge Isometric Open Angle;Задней поверхности бедра мост изометрический открытый угол
hamstring-bridge-with-elevated-legs-box-bilateral;Hamstring Bridge With Elevated Legs Box Bilateral;Задней поверхности бедра мост с возвышении ног на коробке двусторонний
hamstring-bridge-with-elevated-legs-box-unilateral;Hamstring Bridge With Elevated Legs Box Unilateral;Задней поверхности бедра мост с возвышении ног на коробке односторонний
hamstring-mobilisation-seated-lacrosse-ball;Hamstring Mobilisation Seated Lacrosse Ball;Задней поверхности бедра мобилизация сидя лакросс мяч
hamstring-stretch-dynamic-standing-bilateral;Hamstring Stretch Dynamic Standing Bilateral;Растяжка задней поверхности бедра динамическая стоя двусторонний
hamstring-stretch-dynamic-supine-alternating;Hamstring Stretch Dynamic Supine Alternating;Растяжка задней поверхности бедра динамическая лёжа лицом вверх поочерёдный
hamstring-stretch-seated-single-leg;Hamstring Stretch Seated Single Leg;Растяжка задней поверхности бедра сидя одной ноги
hamstring-stretch-seated-single-leg-isometric;Hamstring Stretch Seated Single Leg Isometric;Растяжка задней поверхности бедра сидя одной ноги изометрический
hamstring-stretch-static-standing-single-leg;Hamstring Stretch Static Standing Single Leg;Растяжка задней поверхности бедра статическая стоя одной ноги
hamstring-stretch-supine-dynamic-band;Hamstring Stretch Supine Dynamic Band;Растяжка задней поверхности бедра лёжа лицом вверх динамическая с резиновой лентой
hamstring-stretch-supine-glide;Hamstring Stretch Supine Glide;Растяжка задней поверхности бедра лёжа лицом вверх скольжение
hamstring-stretch-supine-static;Hamstring Stretch Supine Static;Растяжка задней поверхности бедра лёжа лицом вверх статическая
hamstrings-stretch-variation-four;Hamstrings Stretch Variation Four;Растяжка задней поверхности бедра, вариант 4
hamstrings-stretch-variation-one;Hamstrings Stretch Variation One;Растяжка задней поверхности бедра, вариант 1
hamstrings-stretch-variation-three;Hamstrings Stretch Variation Three;Растяжка задней поверхности бедра, вариант 3
hamstrings-stretch-variation-two;Hamstrings Stretch Variation Two;Растяжка задней поверхности бедра, вариант 2
hand-plank;Hand Plank;Планка на руках
hand-side-plank;Hand Side Plank;На руках боковая планка
hand-side-plank-reach-through;Hand Side Plank Reach Through;На руках боковая планка протягивание руки
hanging-knee-raises;Hanging Knee Raises;В висе колена подъёмы
hanging-l-sit;Hanging L Sit;В висе L-сид
happy-baby;Happy Baby;Поза счастливого ребёнка
headstand;Headstand;Стойка на голове
heels-up-squat;Heels Up Squat;Пяток вверх приседание
hip-extension-4pt-position-hold;Hip Extension 4Pt Position Hold;Разгибание бедра в упоре на четвереньках удержание
hip-extension-external-rotation-4pt-position;Hip Extension External Rotation 4Pt Position;Разгибание бедра внешняя ротация в упоре на четвереньках
hip-extension-external-rotation-pulses-4pt-position;Hip Extension External Rotation Pulses 4Pt Position;Разгибание бедра внешняя ротация пульсации в упоре на четвереньках
hip-extension-into-side-flexion;Hip Extension Into Side Flexion;Разгибание бедра с переходом в боковой сгибание
hip-flexor-stretch-kneeling-lunge-1;Hip Flexor Stretch Kneeling Lunge 1;Растяжка сгибателей бедра на коленях выпад 1
hip-flexor-stretch-kneeling-lunge-2;Hip Flexor Stretch Kneeling Lunge 2;Растяжка сгибателей бедра на коленях выпад 2
hip-flexor-stretch-kneeling-lunge-3;Hip Flexor Stretch Kneeling Lunge 3;Растяжка сгибателей бедра на коленях выпад 3
hip-openers;Hip Openers;Раскрытие тазобедренных суставов
hollow-hold;Hollow Hold;Удержание «банан»
horizontal-hack-squat;Horizontal Hack Squat;Горизонтальный гакк-приседание
i-into-w;I Into W;Переход из I в W
in-and-out-jump-squat;In And Out Jump Squat;Приседание с прыжком внутрь-наружу
inchworm;Inchworm;Гусеница
incline-push-up;Incline Push Up;На наклонной скамье отжимание
infinity-loop-standing-hip-mobility;Infinity Loop Standing Hip Mobility;Бесконечная петля стоя тазобедренных суставов мобилизация
internally-rotated-seated-rear-delt-fly;Internally Rotated Seated Rear Delt Fly;С внутренней ротацией сидя разведение рук на заднюю дельту
inverted-row;Inverted Row;Австралийские подтягивания
is-prone;I's Prone;Лёжа лицом вниз
jump-into-single-leg-landing;Jump Into Single Leg Landing;Прыжок с переходом в одной ноги приземление
jump-off-box-single-leg-landing;Jump Off Box Single Leg Landing;Прыжок с коробке одной ноги приземление
jump-on-and-off-box;Jump On And Off Box;Прыжок на коробку и с коробки
jump-rope;Jump Rope;Прыжки со скакалкой
jump-squats;Jump Squats;Приседания с прыжком
jumping-mountain-climber;Jumping Mountain Climber;Альпинист с прыжком
kettlebell-alternating-curtsy-lunge;Kettlebell Alternating Curtsy Lunge;Поочерёдный выпад-реверанс с гирей
kettlebell-alternating-forward-lunge;Kettlebell Alternating Forward Lunge;Поочерёдный выпад вперёд с гирей
kettlebell-alternating-lateral-lunge;Kettlebell Alternating Lateral Lunge;Поочерёдный боковой выпад с гирей
kettlebell-alternating-reverse-lunge;Kettlebell Alternating Reverse Lunge;Поочерёдный обратный выпад с гирей
kettlebell-alternating-row;Kettlebell Alternating Row;Поочерёдный тяга с гирей
kettlebell-alternating-single-arm-thruster;Kettlebell Alternating Single Arm Thruster;Поочерёдный одной рукой трастер с гирей
kettlebell-alternating-swing;Kettlebell Alternating Swing;Поочерёдный мах с гирей
kettlebell-assisted-bulgarian-split-squat;Kettlebell Assisted Bulgarian Split Squat;Болгарский сплит-присед с поддержкой с гирей
kettlebell-bench-press;Kettlebell Bench Press;Жим лёжа с гирей
kettlebell-bench-wrist-curl;Kettlebell Bench Wrist Curl;На скамье сгибание запястий с гирей
kettlebell-bench-wrist-extension;Kettlebell Bench Wrist Extension;На скамье разгибание запястий с гирей
kettlebell-bottoms-up-overhead-press;Kettlebell Bottoms Up Overhead Press;Дном вверх жим над головой с гирей
kettlebell-bottoms-up-single-arm-overhead-press;Kettlebell Bottoms Up Single Arm Overhead Press;Дном вверх одной рукой жим над головой с гирей
kettlebell-box-squat;Kettlebell Box Squat;Приседание на бокс с гирей
kettlebell-calf-raise;Kettlebell Calf Raise;Подъём на носки с гирей
kettlebell-chest-press-single;Kettlebell Chest Press (Single);Жим от груди одной с гирей
kettlebell-clean-and-jerk;Kettlebell Clean And Jerk;Взятие на грудь и толчок с гирей
kettlebell-clean-and-press;Kettlebell Clean And Press;Взятие на грудь и жим с гирей
kettlebell-concentration-curl;Kettlebell Concentration Curl;Концентрированное сгибание рук с гирей
kettlebell-conventional-deadlift-double;Kettlebell Conventional Deadlift (Double);Классическая становая тяга двойной с гирями
kettlebell-curl;Kettlebell Curl;Сгибание рук с гирей
kettlebell-deadlift-single;Kettlebell Deadlift (Single);Становая тяга одной с гирей
kettlebell-decline-skull-crusher;Kettlebell Decline Skull Crusher;На скамье с отрицательным наклоном французский жим лёжа с гирей
kettlebell-deficit-reverse-lunge;Kettlebell Deficit Reverse Lunge;С дефицитом обратный выпад с гирей
kettlebell-drag-curl;Kettlebell Drag Curl;Сгибание рук вдоль тела с гирей
kettlebell-farmers-carry;Kettlebell Farmers Carry;Прогулка фермера с гирей
kettlebell-farmers-march;Kettlebell Farmers March;Марш фермера с гирей
kettlebell-figure-four-hip-thrust;Kettlebell Figure Four Hip Thrust;Ягодичный мост с опорой плечами в положении «четвёрка» с гирей
kettlebell-floor-fly;Kettlebell Floor Fly;Разведение рук лёжа на полу с гирей
kettlebell-floor-press;Kettlebell Floor Press;Жим с пола с гирей
kettlebell-forward-lunge-double;Kettlebell Forward Lunge (Double);Выпад вперёд двойной с гирями
kettlebell-front-rack-curtsy-lunge-double;Kettlebell Front Rack Curtsy Lunge (Double);Вперёд на стойке выпад-реверанс двойной с гирями
kettlebell-front-rack-deficit-reverse-lunge;Kettlebell Front Rack Deficit Reverse Lunge;Вперёд на стойке с дефицитом обратный выпад с гирей
kettlebell-front-rack-forward-lunge-double;Kettlebell Front Rack Forward Lunge (Double);Вперёд на стойке выпад вперёд двойной с гирями
kettlebell-front-rack-lateral-lunge-double;Kettlebell Front Rack Lateral Lunge (Double);Вперёд на стойке боковой выпад двойной с гирями
kettlebell-front-rack-reverse-lunge-double;Kettlebell Front Rack Reverse Lunge (Double);Вперёд на стойке обратный выпад двойной с гирями
kettlebell-front-rack-single-arm-lateral-lunge;Kettlebell Front Rack Single Arm Lateral Lunge;Вперёд на стойке одной рукой боковой выпад с гирей
kettlebell-front-rack-squat;Kettlebell Front Rack Squat;Вперёд на стойке приседание с гирей
kettlebell-front-rack-step-up;Kettlebell Front Rack Step Up;Вперёд на стойке подъём на платформу с гирей
kettlebell-front-rack-step-up-knee-drive;Kettlebell Front Rack Step Up Knee Drive;Вперёд на стойке подъём на платформу с подъёмом колена с гирей
kettlebell-front-raise;Kettlebell Front Raise;Подъём рук перед собой с гирей
kettlebell-full-swing;Kettlebell Full Swing;Полный мах с гирей
kettlebell-glute-bridge;Kettlebell Glute Bridge;Ягодичный мост с гирей
kettlebell-goblet-calf-raise;Kettlebell Goblet Calf Raise;Гоблет подъём на носки с гирей
kettlebell-goblet-curl;Kettlebell Goblet Curl;Гоблет сгибание рук с гирей
kettlebell-goblet-good-morning;Kettlebell Goblet Good Morning;Гоблет наклон «доброе утро» с гирей
kettlebell-goblet-squat;Kettlebell Goblet Squat;Гоблет-приседание с гирей
kettlebell-gorilla-row;Kettlebell Gorilla Row;Тяга «горилла» с гирей
kettlebell-guillotine-bench-press;Kettlebell Guillotine Bench Press;Жим «гильотина» лёжа с гирей
kettlebell-half-kneeling-goblet-romanian-deadlift;Kettlebell Half Kneeling Goblet Romanian Deadlift;На одном колене гоблет румынская становая тяга с гирей
kettlebell-half-kneeling-romanian-deadlift;Kettlebell Half Kneeling Romanian Deadlift;На одном колене румынская становая тяга с гирей
kettlebell-hang-clean-and-jerk;Kettlebell Hang Clean And Jerk;Взятие на грудь с виса и толчок с гирей
kettlebell-hang-clean-and-press;Kettlebell Hang Clean And Press;Взятие на грудь с виса и жим с гирей
kettlebell-hang-squat-clean-and-jerk;Kettlebell Hang Squat Clean And Jerk;Взятие гири в сед с виса и толчок
kettlebell-heels-up-goblet-squat;Kettlebell Heels Up Goblet Squat;Пяток вверх гоблет-приседание с гирей
kettlebell-high-incline-bench-press;Kettlebell High Incline Bench Press;Верхний жим лёжа на наклонной скамье с гирей
kettlebell-hip-thrust;Kettlebell Hip Thrust;Ягодичный мост с опорой плечами с гирей
kettlebell-hollow-hold;Kettlebell Hollow Hold;Удержание «банан» с гирей
kettlebell-incline-bench-press;Kettlebell Incline Bench Press;Жим лёжа на наклонной скамье с гирей
kettlebell-incline-guillotine-bench-press;Kettlebell Incline Guillotine Bench Press;На наклонной скамье жим «гильотина» лёжа с гирей
kettlebell-incline-shrug;Kettlebell Incline Shrug;На наклонной скамье шраги с гирей
kettlebell-kickstand-squat;Kettlebell Kickstand Squat;С опорой одной ногой приседание с гирей
kettlebell-kneeling-bottoms-up-overhead-press;Kettlebell Kneeling Bottoms Up Overhead Press;На коленях дном вверх жим над головой с гирей
kettlebell-larsen-press;Kettlebell Larsen Press;Ларсена жим с гирей
kettlebell-lateral-lunge;Kettlebell Lateral Lunge;Боковой выпад с гирей
kettlebell-lateral-lunge-single;Kettlebell Lateral Lunge (Single);Боковой выпад одной с гирей
kettlebell-long-lever-lateral-raise;Kettlebell Long Lever Lateral Raise;Длинный рычаг подъём рук в стороны с гирей
kettlebell-overhead-tricep-extension;Kettlebell Overhead Tricep Extension;Разгибание рук на трицепс над головой с гирей
kettlebell-pec-fly;Kettlebell Pec Fly;Разведение рук на грудь с гирей
kettlebell-preacher-curl;Kettlebell Preacher Curl;Сгибание рук на скамье Скотта с гирей
kettlebell-pullover;Kettlebell Pullover;Пуловер с гирей
kettlebell-push-press;Kettlebell Push Press;Толчковый жим с гирей
kettlebell-quad-stomp;Kettlebell Quad Stomp;Топание квадрицепсом с гирей
kettlebell-rear-delt-row;Kettlebell Rear Delt Row;Тяга на заднюю дельту с гирей
kettlebell-rear-delt-row-double;Kettlebell Rear Delt Row (Double);Тяга на заднюю дельту двойной с гирями
kettlebell-reverse-curl;Kettlebell Reverse Curl;Обратное сгибание рук с гирей
kettlebell-reverse-lunge;Kettlebell Reverse Lunge;Обратный выпад с гирей
kettlebell-romanian-deadlift;Kettlebell Romanian Deadlift;Румынская становая тяга с гирей
kettlebell-row;Kettlebell Row;Тяга с гирей
kettlebell-row-single;Kettlebell Row (Single);Тяга одной с гирей
kettlebell-russian-twist;Kettlebell Russian Twist;Скручивание с поворотом с гирей
kettlebell-seated-calf-raise;Kettlebell Seated Calf Raise;Сидя подъём на носки с гирей
kettlebell-seated-calf-raise-double;Kettlebell Seated Calf Raise Double;Сидя подъём на носки двойной с гирями
kettlebell-seated-overhead-press;Kettlebell Seated Overhead Press;Сидя жим над головой с гирей
kettlebell-shoulder-extension;Kettlebell Shoulder Extension;Разгибание плеча с гирей
kettlebell-shrug;Kettlebell Shrug;Шраги с гирей
kettlebell-shrug-single;Kettlebell Shrug (Single);Шраги одной с гирей
kettlebell-silverback-shrug;Kettlebell Silverback Shrug;Шраги «сильвербэк» с гирей
kettlebell-silverback-shrug-single;Kettlebell Silverback Shrug (Single);Шраги «сильвербэк» одной с гирей
kettlebell-single-arm-calf-raise;Kettlebell Single Arm Calf Raise;Одной рукой подъём на носки с гирей
kettlebell-single-arm-chest-fly;Kettlebell Single Arm Chest Fly;Одной рукой разведение рук на грудь с гирей
kettlebell-single-arm-chest-press;Kettlebell Single Arm Chest Press;Одной рукой жим от груди с гирей
kettlebell-single-arm-clean-and-jerk;Kettlebell Single Arm Clean And Jerk;Одной рукой взятие на грудь и толчок с гирей
kettlebell-single-arm-clean-and-press;Kettlebell Single Arm Clean And Press;Одной рукой взятие на грудь и жим с гирей
kettlebell-single-arm-curl;Kettlebell Single Arm Curl;Одной рукой сгибание рук с гирей
kettlebell-single-arm-curtsy-lunge;Kettlebell Single Arm Curtsy Lunge;Одной рукой выпад-реверанс с гирей
kettlebell-single-arm-farmers-march;Kettlebell Single Arm Farmers March;Одной рукой марш фермера с гирей
kettlebell-single-arm-farmers-walk;Kettlebell Single Arm Farmers Walk;Одной рукой прогулка фермера с гирей
kettlebell-single-arm-floor-fly;Kettlebell Single Arm Floor Fly;Одной рукой разведение рук лёжа на полу с гирей
kettlebell-single-arm-floor-press;Kettlebell Single Arm Floor Press;Одной рукой жим с пола с гирей
kettlebell-single-arm-forward-lunge;Kettlebell Single Arm Forward Lunge;Одной рукой выпад вперёд с гирей
kettlebell-single-arm-front-rack-forward-lunge;Kettlebell Single Arm Front Rack Forward Lunge;Одной рукой вперёд на стойке выпад вперёд с гирей
kettlebell-single-arm-front-rack-reverse-lunge;Kettlebell Single Arm Front Rack Reverse Lunge;Одной рукой вперёд на стойке обратный выпад с гирей
kettlebell-single-arm-front-rack-step-up;Kettlebell Single Arm Front Rack Step Up;Одной рукой вперёд на стойке подъём на платформу с гирей
kettlebell-single-arm-front-rack-step-up-knee-drive;Kettlebell Single Arm Front Rack Step Up Knee Drive;Одной рукой вперёд на стойке подъём на платформу с подъёмом колена с гирей
kettlebell-single-arm-hang-clean-and-jerk;Kettlebell Single Arm Hang Clean And Jerk;Одной рукой взятие на грудь с виса и толчок с гирей
kettlebell-single-arm-high-incline-chest-press;Kettlebell Single Arm High Incline Chest Press;Одной рукой верхний на наклонной скамье жим от груди с гирей
kettlebell-single-arm-incline-chest-press;Kettlebell Single Arm Incline Chest Press;Одной рукой на наклонной скамье жим от груди с гирей
kettlebell-single-arm-larsen-press;Kettlebell Single Arm Larsen Press;Одной рукой Ларсена жим с гирей
kettlebell-single-arm-lateral-raise;Kettlebell Single Arm Lateral Raise;Одной рукой подъём рук в стороны с гирей
kettlebell-single-arm-pendlay-row;Kettlebell Single Arm Pendlay Row;Одной рукой тяга Пендлея с гирей
kettlebell-single-arm-press;Kettlebell Single Arm Press;Одной рукой жим с гирей
kettlebell-single-arm-pullover;Kettlebell Single Arm Pullover;Одной рукой пуловер с гирей
kettlebell-single-arm-push-press;Kettlebell Single Arm Push Press;Одной рукой толчковый жим с гирей
kettlebell-single-arm-rear-delt-fly;Kettlebell Single Arm Rear Delt Fly;Одной рукой разведение рук на заднюю дельту с гирей
kettlebell-single-arm-rear-delt-row;Kettlebell Single Arm Rear Delt Row;Одной рукой тяга на заднюю дельту с гирей
kettlebell-single-arm-reverse-curl;Kettlebell Single Arm Reverse Curl;Одной рукой обратное сгибание рук с гирей
kettlebell-single-arm-reverse-lunge;Kettlebell Single Arm Reverse Lunge;Одной рукой обратный выпад с гирей
kettlebell-single-arm-row;Kettlebell Single Arm Row;Одной рукой тяга с гирей
kettlebell-single-arm-row-on-bench;Kettlebell Single Arm Row On Bench;Одной рукой тяга на на скамье с гирей
kettlebell-single-arm-shoulder-extension;Kettlebell Single Arm Shoulder Extension;Одной рукой разгибание плеча с гирей
kettlebell-single-arm-snatch;Kettlebell Single Arm Snatch;Одной рукой рывок с гирей
kettlebell-single-arm-step-up-balance;Kettlebell Single Arm Step Up Balance;Одной рукой подъём на платформу с удержанием равновесия с гирей
kettlebell-single-arm-step-up-knee-drive;Kettlebell Single Arm Step Up Knee Drive;Одной рукой подъём на платформу с подъёмом колена с гирей
kettlebell-single-arm-swing;Kettlebell Single Arm Swing;Одной рукой мах с гирей
kettlebell-single-arm-thruster;Kettlebell Single Arm Thruster;Одной рукой трастер с гирей
kettlebell-single-arm-tricep-guilotine-press;Kettlebell Single Arm Tricep Guilotine Press;Одной рукой на трицепс гильотина жим с гирей
kettlebell-single-leg-calf-raise;Kettlebell Single Leg Calf Raise;Одной ноги подъём на носки с гирей
kettlebell-single-leg-deadlift;Kettlebell Single Leg Deadlift;Становая тяга на одной ноге с гирей
kettlebell-single-leg-glute-bridge;Kettlebell Single Leg Glute Bridge;Одной ноги ягодичный мост с гирей
kettlebell-single-leg-hip-thrust;Kettlebell Single Leg Hip Thrust;Одной ноги ягодичный мост с опорой плечами с гирей
kettlebell-single-leg-single-arm-calf-raise;Kettlebell Single Leg Single Arm Calf Raise;Одной ноги одной рукой подъём на носки с гирей
kettlebell-situp;Kettlebell Situp;Подъём туловища с гирей
kettlebell-skull-crusher;Kettlebell Skull Crusher;Французский жим лёжа с гирей
kettlebell-snatch-double;Kettlebell Snatch (Double);Рывок двойной с гирями
kettlebell-somersault-squat;Kettlebell Somersault Squat;Приседание с наклоном кувырком с гирей
kettlebell-spinal-jefferson-curl;Kettlebell Spinal Jefferson Curl;Сгибание позвоночника Джефферсона с гирей
kettlebell-squat-clean-and-jerk;Kettlebell Squat Clean And Jerk;Взятие в сед и толчок с гирей
kettlebell-staggered-deadlift;Kettlebell Staggered Deadlift;Со смещённой стойкой становая тяга с гирей
kettlebell-staggered-deadlift-single;Kettlebell Staggered Deadlift (Single);Со смещённой стойкой становая тяга одной с гирей
kettlebell-staggered-swing;Kettlebell Staggered Swing;Со смещённой стойкой мах с гирей
kettlebell-staggered-waiters-bow;Kettlebell Staggered Waiters Bow;Со смещённой стойкой поклон официанта с гирей
kettlebell-standing-tricep-extension;Kettlebell Standing Tricep Extension;Стоя разгибание рук на трицепс с гирей
kettlebell-step-up;Kettlebell Step Up;Подъём на платформу с гирей
kettlebell-step-up-double;Kettlebell Step Up Double;Подъём на платформу двойной с гирями
kettlebell-suitcase-deadlift;Kettlebell Suitcase Deadlift;Становая тяга «чемодан» с гирей
kettlebell-sumo-deadlift;Kettlebell Sumo Deadlift;Становая тяга сумо с гирей
kettlebell-superman;Kettlebell Superman;Супермен с гирей
kettlebell-superman-hold;Kettlebell Superman Hold;Супермен удержание с гирей
kettlebell-swing;Kettlebell Swing;Мах с гирей
kettlebell-swing-double;Kettlebell Swing (Double);Мах двойной с гирями
kettlebell-swing-lunge;Kettlebell Swing Lunge;Выпад с махом с гирей
kettlebell-tate-press;Kettlebell Tate Press;Жим Тейта с гирей
kettlebell-thruster;Kettlebell Thruster;Трастер с гирей
kettlebell-tibialis-raise;Kettlebell Tibialis Raise;Подъём носков с гирей
kettlebell-upright-row;Kettlebell Upright Row;Тяга к подбородку с гирей
kettlebell-upright-row-single;Kettlebell Upright Row Single;Тяга к подбородку одной с гирей
kettlebell-waiters-bow;Kettlebell Waiters Bow;Поклон официанта с гирей
kettlebell-walking-farmers-march;Kettlebell Walking Farmers March;Ходьба марш фермера с гирей
kettlebell-walkover-pushup;Kettlebell Walkover Pushup;Переход через отжимание с гирей
kettlebell-windmill;Kettlebell Windmill;Мельница с гирей
kettlebell-windmill-bottom-hand;Kettlebell Windmill Bottom Hand;Мельница с гирей в нижней руке
kettlebell-wood-chopper;Kettlebell Wood Chopper;Дровосек с гирей
kettlebell-wrist-curl;Kettlebell Wrist Curl;Сгибание запястий с гирей
kettlebell-wrist-extension;Kettlebell Wrist Extension;Разгибание запястий с гирей
kickbacks;Kickbacks;Отведения назад
knee-extension-seated-partial;Knee Extension Seated Partial;Разгибание колена сидя частичный
knee-pull-and-lumbar-rotation;Knee Pull And Lumbar Rotation;Подтягивание колена и вращение поясницы
kneeling-quad-stretch;Kneeling Quad Stretch;На коленях квадрицепса растяжка
l-sit-chin-up;L Sit Chin Up;L-сид подтягивание обратным хватом
l-sit-pull-up;L Sit Pull Up;L-сид подтягивание
landmine-alternating-lunge-and-twist;Landmine Alternating Lunge And Twist;Поочерёдный выпад со скручиванием с лендмайном
landmine-alternating-lunge-to-chest-press;Landmine Alternating Lunge To Chest Press;Поочерёдный выпад с переходом в жим от груди с лендмайном
landmine-alternating-single-arm-press;Landmine Alternating Single Arm Press;Поочерёдный одной рукой жим с лендмайном
landmine-bicep-curl;Landmine Bicep Curl;На бицепс сгибание рук с лендмайном
landmine-calf-raise;Landmine Calf Raise;Подъём на носки с лендмайном
landmine-concentration-curl;Landmine Concentration Curl;Концентрированное сгибание рук с лендмайном
landmine-curtsy-lunge;Landmine Curtsy Lunge;Выпад-реверанс с лендмайном
landmine-glute-kick-back;Landmine Glute Kick Back;Ягодичных мышц отведение назад с лендмайном
landmine-goblet-curtsy-lunge;Landmine Goblet Curtsy Lunge;Гоблет выпад-реверанс с лендмайном
landmine-goblet-lateral-lunge;Landmine Goblet Lateral Lunge;Гоблет боковой выпад с лендмайном
landmine-hack-squat;Landmine Hack Squat;Гакк-приседание с лендмайном
landmine-half-kneeling-single-arm-overhead-press;Landmine Half Kneeling Single Arm Overhead Press;На одном колене одной рукой жим над головой с лендмайном
landmine-hollow-hold;Landmine Hollow Hold;Удержание «банан» с лендмайном
landmine-kneeling-alternating-overhead-press;Landmine Kneeling Alternating Overhead Press;На коленях поочерёдный жим над головой с лендмайном
landmine-kneeling-overhead-press;Landmine Kneeling Overhead Press;На коленях жим над головой с лендмайном
landmine-kneeling-twist;Landmine Kneeling Twist;Скручивание на коленях с лендмайном
landmine-lateral-lunge;Landmine Lateral Lunge;Боковой выпад с лендмайном
landmine-lateral-raise;Landmine Lateral Raise;Подъём рук в стороны с лендмайном
landmine-lunge;Landmine Lunge;Выпад с лендмайном
landmine-lunge-to-overhead-press;Landmine Lunge To Overhead Press;Выпад с переходом в жим над головой с лендмайном
landmine-lying-tricep-extension;Landmine Lying Tricep Extension;Лёжа разгибание рук на трицепс с лендмайном
landmine-oblique-twist;Landmine Oblique Twist;Скручивание на косые мышцы с лендмайном
landmine-overhead-press;Landmine Overhead Press;Жим над головой с лендмайном
landmine-romanian-deadlift;Landmine Romanian Deadlift;Румынская становая тяга с лендмайном
landmine-rotational-lift-to-press;Landmine Rotational Lift To Press;Ротационный подъём с переходом в жим с лендмайном
landmine-russian-twist;Landmine Russian Twist;Скручивание с поворотом с лендмайном
landmine-seated-alternating-overhead-press;Landmine Seated Alternating Overhead Press;Сидя поочерёдный жим над головой с лендмайном
landmine-seated-overhead-press;Landmine Seated Overhead Press;Сидя жим над головой с лендмайном
landmine-seated-single-arm-overhead-press;Landmine Seated Single Arm Overhead Press;Сидя одной рукой жим над головой с лендмайном
landmine-single-arm-chest-press;Landmine Single Arm Chest Press;Одной рукой жим от груди с лендмайном
landmine-single-arm-overhead-press;Landmine Single Arm Overhead Press;Одной рукой жим над головой с лендмайном
landmine-single-arm-push-press;Landmine Single Arm Push Press;Одной рукой толчковый жим с лендмайном
landmine-single-arm-staggered-overhead-press;Landmine Single Arm Staggered Overhead Press;Одной рукой со смещённой стойкой жим над головой с лендмайном
landmine-single-leg-glute-bridge;Landmine Single Leg Glute Bridge;Одной ноги ягодичный мост с лендмайном
landmine-single-leg-romanian-deadlift;Landmine Single Leg Romanian Deadlift;Одной ноги румынская становая тяга с лендмайном
landmine-sit-up;Landmine Sit Up;Подъём туловища с лендмайном
landmine-snatch;Landmine Snatch;Рывок с лендмайном
landmine-split-jerk;Landmine Split Jerk;Толчок в разножку с лендмайном
landmine-squat;Landmine Squat;Приседание с лендмайном
landmine-staggered-romanian-deadlift;Landmine Staggered Romanian Deadlift;Со смещённой стойкой румынская становая тяга с лендмайном
landmine-stationary-twist;Landmine Stationary Twist;Скручивание на месте с лендмайном
landmine-sumo-deadlift;Landmine Sumo Deadlift;Становая тяга сумо с лендмайном
landmine-t-bar-rows;Landmine T Bar Rows;Т-гриф тяга с лендмайном
landmine-thruster;Landmine Thruster;Трастер с лендмайном
lat-and-lateral-line-stretch;Lat And Lateral Line Stretch;Растяжка широчайших и боковой линии
lat-and-shoulder-external-rotation-stretch-1-kneeling-dowel;Lat And Shoulder External Rotation Stretch 1 Kneeling Dowel;Растяжка широчайшей мышцы и внешней ротации плеча с палкой на коленях 1
lat-and-shoulder-external-rotation-stretch-2-kneeling-dowel;Lat And Shoulder External Rotation Stretch 2 Kneeling Dowel;Растяжка широчайшей мышцы и внешней ротации плеча с палкой на коленях 2
lat-and-shoulder-external-rotation-stretch-3-kneeling-dowel;Lat And Shoulder External Rotation Stretch 3 Kneeling Dowel;Растяжка широчайшей мышцы и внешней ротации плеча с палкой на коленях 3
lat-mobilisation-floor-foam-roller;Lat Mobilisation Floor Foam Roller;Мобилизация широчайшей мышцы на полу с массажным роликом
lateral-lunge;Lateral Lunge;Боковой выпад
lats-stretch-variation-one;Lats Stretch Variation One;Растяжка широчайших мышц спины, вариант 1
lats-stretch-variation-three;Lats Stretch Variation Three;Растяжка широчайших мышц спины, вариант 3
lats-stretch-variation-two;Lats Stretch Variation Two;Растяжка широчайших мышц спины, вариант 2
lawnmower-row;Lawnmower Row;Тяга «газонокосилка»
laying-alternating-leg-raise;Laying Alternating Leg Raise;Лёжа поочерёдный подъём ног
laying-bent-leg-raise;Laying Bent Leg Raise;Лёжа подъём согнутых ног
laying-lateral-raise;Laying Lateral Raise;Лёжа подъём рук в стороны
laying-leg-raises;Laying Leg Raises;Лёжа ноги подъёмы
laying-ts;Laying Ts;T-подъёмы лёжа
leg-lowers;Leg Lowers;Опускание ног
leg-raised-push-up;Leg Raised Push Up;Отжимание с поднятой ногой
long-lever-forearm-plank;Long Lever Forearm Plank;Длинный рычаг планка на предплечьях
long-lever-plank;Long Lever Plank;Длинный рычаг планка
lord-of-the-dance;Lord Of The Dance;Поза танцора
lower-back-extensions-2;Lower Back Extensions 2;Нижний спиной разгибания 2
lower-back-extensions-3;Lower Back Extensions 3;Нижний спиной разгибания 3
lower-back-extensions-4;Lower Back Extensions 4;Нижний спиной разгибания 4
lower-back-stretch-variation-four;Lower back Stretch Variation Four;Растяжка поясницы, вариант 4
lower-back-stretch-variation-one;Lower back Stretch Variation One;Растяжка поясницы, вариант 1
lower-back-stretch-variation-three;Lower back Stretch Variation Three;Растяжка поясницы, вариант 3
lower-back-stretch-variation-two;Lower back Stretch Variation Two;Растяжка поясницы, вариант 2
lumbar-extensor-mobilisation-supine-bent-knees-peanut-tool;Lumbar Extensor Mobilisation Supine Bent Knees Peanut Tool;Мобилизация разгибателей поясницы лёжа на спине с согнутыми коленями и peanut-массажёром
lumbar-rotation-1;Lumbar Rotation 1;Вращение поясницы 1
lumbar-rotation-2;Lumbar Rotation 2;Вращение поясницы 2
lumbar-rotation-3;Lumbar Rotation 3;Вращение поясницы 3
lumbar-rotation-4;Lumbar Rotation 4;Вращение поясницы 4
lumbar-rotation-5;Lumbar Rotation 5;Вращение поясницы 5
machine-45-degree-back-extension;Machine 45 Degree Back Extension;45 градусов гиперэкстензия в тренажёре
machine-45-degree-calf-raise;Machine 45 Degree Calf Raise;45 градусов подъём на носки в тренажёре
machine-assisted-chin-up;Machine Assisted Chin Up;С поддержкой подтягивание обратным хватом в тренажёре
machine-assisted-narrow-pull-up;Machine Assisted Narrow Pull Up;С поддержкой узкий подтягивание в тренажёре
machine-assisted-neutral-chin-up;Machine Assisted Neutral Chin Up;С поддержкой нейтральным хватом подтягивание обратным хватом в тренажёре
machine-assisted-parallel-bar-dips;Machine Assisted Parallel Bar Dips;С поддержкой параллельных с прямой рукоятью отжимания на брусьях в тренажёре
machine-assisted-pull-up;Machine Assisted Pull Up;С поддержкой подтягивание в тренажёре
machine-back-extension;Machine Back Extension;Гиперэкстензия в тренажёре
machine-belt-squat;Machine Belt Squat;С поясом приседание в тренажёре
machine-bent-arm-pec-fly;Machine Bent Arm Pec Fly;С согнутой рукой разведение рук на грудь в тренажёре
machine-bicep-curl;Machine Bicep Curl;На бицепс сгибание рук в тренажёре
machine-cable-v-bar-push-downs;Machine Cable V Bar Push Downs;Разгибание рук вниз с V-рукоятью в тренажёре
machine-chest-press;Machine Chest Press;Жим от груди в тренажёре
machine-chest-supported-t-bar-row;Machine Chest Supported T Bar Row;Груди с опорой Т-гриф тяга в тренажёре
machine-crunch;Machine Crunch;Скручивание в тренажёре
machine-dips;Machine Dips;Отжимания на брусьях в тренажёре
machine-donkey-calf-raise;Machine Donkey Calf Raise;Подъём на носки в наклоне в тренажёре
machine-glute-kickback;Machine Glute Kickback;Отведение ноги назад на ягодицы в тренажёре
machine-goblet-sissy-squat;Machine Goblet Sissy Squat;Гоблет сисси-присед в тренажёре
machine-hack-squat;Machine Hack Squat;Гакк-приседание в тренажёре
machine-hamstring-curl;Machine Hamstring Curl;Сгибание ног на заднюю поверхность бедра в тренажёре
machine-hip-abduction;Machine Hip Abduction;Отведение бедра в тренажёре
machine-hip-adduction;Machine Hip Adduction;Приведение бедра в тренажёре
machine-hip-and-glute-abduction;Machine Hip And Glute Abduction;Тазобедренных суставов и ягодичных мышц отведение в тренажёре
machine-hip-and-glute-adduction;Machine Hip And Glute Adduction;Тазобедренных суставов и ягодичных мышц приведение в тренажёре
machine-hip-and-glute-kickback;Machine Hip And Glute Kickback;Тазобедренных суставов и отведение ноги назад на ягодицы в тренажёре
machine-hip-thrust;Machine Hip Thrust;Ягодичный мост с опорой плечами в тренажёре
machine-horizontal-leg-press;Machine Horizontal Leg Press;Горизонтальный ноги жим в тренажёре
machine-horizontal-leg-press-calf-jump;Machine Horizontal Leg Press Calf Jump;Горизонтальный ноги жим прыжок на носках в тренажёре
machine-horizontal-leg-press-calf-raise;Machine Horizontal Leg Press Calf Raise;Горизонтальный ноги жим подъём на носки в тренажёре
machine-horizontal-sissy-leg-press;Machine Horizontal Sissy Leg Press;Горизонтальный сисси ноги жим в тренажёре
machine-leg-extension;Machine Leg Extension;Разгибание ног в тренажёре
machine-leg-press;Machine Leg Press;Ноги жим в тренажёре
machine-neutral-overhead-press;Machine Neutral Overhead Press;Нейтральным хватом жим над головой в тренажёре
machine-neutral-row;Machine Neutral Row;Нейтральным хватом тяга в тренажёре
machine-overhand-overhead-press;Machine Overhand Overhead Press;Прямым хватом жим над головой в тренажёре
machine-overhand-row;Machine Overhand Row;Прямым хватом тяга в тренажёре
machine-overhead-tricep-extension;Machine Overhead Tricep Extension;Разгибание рук на трицепс над головой в тренажёре
machine-pec-fly;Machine Pec Fly;Разведение рук на грудь в тренажёре
machine-pendulum-squat;Machine Pendulum Squat;Маятниковое приседание в тренажёре
machine-plate-loaded-calf-raise;Machine Plate Loaded Calf Raise;С дисковой нагрузкой подъём на носки в тренажёре
machine-plate-loaded-crunch;Machine Plate Loaded Crunch;С дисковой нагрузкой скручивание в тренажёре
machine-plate-loaded-decline-chest-press;Machine Plate Loaded Decline Chest Press;С дисковой нагрузкой на скамье с отрицательным наклоном жим от груди в тренажёре
machine-plate-loaded-front-military-press;Machine Plate Loaded Front Military Press;С дисковой нагрузкой вперёд армейский жим в тренажёре
machine-plate-loaded-hip-thrust;Machine Plate Loaded Hip Thrust;С дисковой нагрузкой ягодичный мост с опорой плечами в тренажёре
machine-plate-loaded-incline-chest-press;Machine Plate Loaded Incline Chest Press;С дисковой нагрузкой на наклонной скамье жим от груди в тренажёре
machine-plate-loaded-kneeling-hamstring-curl;Machine Plate Loaded Kneeling Hamstring Curl;С дисковой нагрузкой на коленях сгибание ног на заднюю поверхность бедра в тренажёре
machine-plate-loaded-leg-extension;Machine Plate Loaded Leg Extension;С дисковой нагрузкой разгибание ног в тренажёре
machine-plate-loaded-low-incline-bench-press;Machine Plate Loaded Low Incline Bench Press;С дисковой нагрузкой нижний жим лёжа на наклонной скамье в тренажёре
machine-plate-loaded-low-row;Machine Plate Loaded Low Row;С дисковой нагрузкой нижний тяга в тренажёре
machine-plate-loaded-pulldown;Machine Plate Loaded Pulldown;С дисковой нагрузкой тяга верхнего блока в тренажёре
machine-plate-loaded-row;Machine Plate Loaded Row;С дисковой нагрузкой тяга в тренажёре
machine-plate-loaded-seal-row;Machine Plate Loaded Seal Row;С дисковой нагрузкой тяга лёжа грудью на скамье в тренажёре
machine-plate-loaded-t-bar-row;Machine Plate Loaded T Bar Row;С дисковой нагрузкой Т-гриф тяга в тренажёре
machine-pulldown;Machine Pulldown;Тяга верхнего блока в тренажёре
machine-pullover;Machine Pullover;Пуловер в тренажёре
machine-rear-deltoid-row;Machine Rear Deltoid Row;Назад дельты тяга в тренажёре
machine-reverse-fly;Machine Reverse Fly;Обратное разведение рук в тренажёре
machine-reverse-hyperextension;Machine Reverse Hyperextension;Обратный гиперэкстензия в тренажёре
machine-roll-outs;Machine Roll Outs;Выкаты в тренажёре
machine-seated-cable-row;Machine Seated Cable Row;Горизонтальная тяга на блоке сидя в тренажёре
machine-seated-calf-raises;Machine Seated Calf Raises;Сидя подъёмы на носки в тренажёре
machine-seated-hamstring-curl;Machine Seated Hamstring Curl;Сидя сгибание ног на заднюю поверхность бедра в тренажёре
machine-seated-leg-curl;Machine Seated Leg Curl;Сидя сгибание ног в тренажёре
machine-seated-plate-loaded-preacher-curl;Machine Seated Plate Loaded Preacher Curl;Сидя с дисковой нагрузкой сгибание рук на скамье Скотта в тренажёре
machine-seated-shrug;Machine Seated Shrug;Сидя шраги в тренажёре
machine-single-leg-leg-press;Machine Single Leg Leg Press;Одной ноги ноги жим в тренажёре
machine-sissy-squat;Machine Sissy Squat;Сисси-присед в тренажёре
machine-squat-press;Machine Squat Press;Приседание с жимом в тренажёре
machine-standing-calf-raises;Machine Standing Calf Raises;Стоя подъёмы на носки в тренажёре
machine-standing-hamstring-curl;Machine Standing Hamstring Curl;Стоя сгибание ног на заднюю поверхность бедра в тренажёре
machine-standing-lateral-raise;Machine Standing Lateral Raise;Стоя подъём рук в стороны в тренажёре
machine-standing-plate-loaded-preacher-curl;Machine Standing Plate Loaded Preacher Curl;Стоя с дисковой нагрузкой сгибание рук на скамье Скотта в тренажёре
machine-standing-shrug;Machine Standing Shrug;Стоя шраги в тренажёре
machine-tricep-pushdown;Machine Tricep Pushdown;Разгибание рук на блоке вниз в тренажёре
machine-underhand-row;Machine Underhand Row;Обратным хватом тяга в тренажёре
medicine-ball-ball-headlock-squat;Medicine Ball Ball Headlock Squat;Приседание с медболом в захвате у головы
medicine-ball-ball-offset-squat;Medicine Ball Ball Offset Squat;Мяч асимметричный приседание с медболом
medicine-ball-chest-press-partner-toss;Medicine Ball Chest Press Partner Toss;Жим от груди с броском партнёру с медболом
medicine-ball-chest-press-slam;Medicine Ball Chest Press Slam;Жим от груди бросок мяча в пол с медболом
medicine-ball-chest-press-toss;Medicine Ball Chest Press Toss;Жим от груди с броском медбола
medicine-ball-clean-and-press-slam;Medicine Ball Clean And Press Slam;Взятие на грудь и жим бросок мяча в пол с медболом
medicine-ball-dead-bug;Medicine Ball Dead Bug;Мёртвый жук с медболом
medicine-ball-half-kneeling-wood-chopper;Medicine Ball Half Kneeling Wood Chopper;На одном колене дровосек с медболом
medicine-ball-halo;Medicine Ball Halo;Хало с медболом
medicine-ball-hip-abduction;Medicine Ball Hip Abduction;Отведение бедра с медболом
medicine-ball-hollow-hold;Medicine Ball Hollow Hold;Удержание «банан» с медболом
medicine-ball-kneeling-wood-chopper;Medicine Ball Kneeling Wood Chopper;На коленях дровосек с медболом
medicine-ball-lateral-lunge-slam;Medicine Ball Lateral Lunge Slam;Боковой выпад бросок мяча в пол с медболом
medicine-ball-overhead-reverse-lunge;Medicine Ball Overhead Reverse Lunge;Над головой обратный выпад с медболом
medicine-ball-overhead-squat;Medicine Ball Overhead Squat;Над головой приседание с медболом
medicine-ball-partner-side-toss;Medicine Ball Partner Side Toss;Боковой бросок медбола партнёру
medicine-ball-partner-situp-toss;Medicine Ball Partner Situp Toss;Подъём туловища с броском медбола партнёру
medicine-ball-plank;Medicine Ball Plank;Планка с медболом
medicine-ball-press-jack;Medicine Ball Press Jack;Джек с жимом с медболом
medicine-ball-pushup;Medicine Ball Pushup;Отжимание с медболом
medicine-ball-rainbow-slam;Medicine Ball Rainbow Slam;Бросок мяча по дуге с медболом
medicine-ball-reverse-lunge;Medicine Ball Reverse Lunge;Обратный выпад с медболом
medicine-ball-reverse-lunge-twist;Medicine Ball Reverse Lunge Twist;Обратный выпад скручивание с медболом
medicine-ball-russian-twist;Medicine Ball Russian Twist;Скручивание с поворотом с медболом
medicine-ball-self-toss;Medicine Ball Self Toss;Бросок медбола самому себе
medicine-ball-single-leg-deadlift;Medicine Ball Single Leg Deadlift;Становая тяга на одной ноге с медболом
medicine-ball-slam;Medicine Ball Slam;Бросок мяча в пол с медболом
medicine-ball-squat-reach;Medicine Ball Squat Reach;Приседание дотягивание с медболом
medicine-ball-walkover-pushup;Medicine Ball Walkover Pushup;Переход через отжимание с медболом
medicine-ball-wall-ball;Medicine Ball Wall Ball;Бросок мяча в стену с медболом
medicine-ball-wood-chopper;Medicine Ball Wood Chopper;Дровосек с медболом
medicine-ball-wood-chopper-toss;Medicine Ball Wood Chopper Toss;Дровосек с броском медбола
mini-band-alternating-bent-arm-lateral-raise;Mini Band Alternating Bent Arm Lateral Raise;Поочерёдный с согнутой рукой подъём рук в стороны с мини-лентой
mini-band-around-the-world-plank;Mini Band Around The World Plank;Планка «вокруг света» с мини-лентой
mini-band-bent-arm-lateral-raise;Mini Band Bent Arm Lateral Raise;С согнутой рукой подъём рук в стороны с мини-лентой
mini-band-bent-over-rear-delt-row;Mini Band Bent Over Rear Delt Row;В наклоне тяга на заднюю дельту с мини-лентой
mini-band-bent-over-row;Mini Band Bent Over Row;Тяга в наклоне с мини-лентой
mini-band-clamshell;Mini-Band Clamshell;Ракушка с мини-лентой
mini-band-clamshell-raise;Mini Band Clamshell Raise;Ракушка подъём с мини-лентой
mini-band-clock-tap;Mini Band Clock Tap;Касания по часам с мини-лентой
mini-band-external-rotation;Mini Band External Rotation;Внешняя ротация с мини-лентой
mini-band-fire-hydrant;Mini Band Fire Hydrant;Пожарный гидрант с мини-лентой
mini-band-glute-bridge;Mini Band Glute Bridge;Ягодичный мост с мини-лентой
mini-band-jump-squat;Mini Band Jump Squat;Приседание с прыжком с мини-лентой
mini-band-kneeling-row;Mini Band Kneeling Row;На коленях тяга с мини-лентой
mini-band-laying-glute-bridge-abduction;Mini Band Laying Glute Bridge Abduction;Лёжа ягодичный мост отведение с мини-лентой
mini-band-laying-hip-abduction;Mini Band Laying Hip Abduction;Лёжа отведение бедра с мини-лентой
mini-band-laying-hip-flexion;Mini Band Laying Hip Flexion;Лёжа сгибание бедра с мини-лентой
mini-band-leg-raise;Mini Band Leg Raise;Подъём ног с мини-лентой
mini-band-mountain-climber;Mini Band Mountain Climber;Альпинист с мини-лентой
mini-band-overhead-fly;Mini Band Overhead Fly;Разведение рук над головой с мини-лентой
mini-band-plank-glute-kickback;Mini Band Plank Glute Kickback;Планка отведение ноги назад на ягодицы с мини-лентой
mini-band-plank-hand-step-out;Mini Band Plank Hand Step Out;Шаг рукой в сторону в планке с мини-лентой
mini-band-plank-step-out;Mini Band Plank Step Out;Шаг в сторону в планке с мини-лентой
mini-band-pull-apart;Mini Band Pull Apart;Разведение рук в стороны с мини-лентой
mini-band-scissor-kick;Mini Band Scissor Kick;Ножницы ногами с мини-лентой
mini-band-side-laying-hip-abduction;Mini Band Side Laying Hip Abduction;Лёжа на боку отведение бедра с мини-лентой
mini-band-side-to-side;Mini Band Side To Side;Боковой с переходом в боковой с мини-лентой
mini-band-single-leg-deadlift;Mini Band Single Leg Deadlift;Становая тяга на одной ноге с мини-лентой
mini-band-single-leg-raise;Mini Band Single Leg Raise;Одной подъём ног с мини-лентой
mini-band-squat;Mini Band Squat;Приседание с мини-лентой
mini-band-standing-glute-kickback;Mini Band Standing Glute Kickback;Стоя отведение ноги назад на ягодицы с мини-лентой
mini-band-standing-hip-abduction;Mini Band Standing Hip Abduction;Стоя отведение бедра с мини-лентой
mini-band-standing-hip-flexion;Mini Band Standing Hip Flexion;Стоя сгибание бедра с мини-лентой
mini-band-tricep-pushdown;Mini Band Tricep Pushdown;Разгибание рук на блоке вниз с мини-лентой
mini-band-walking-mountain-climber;Mini Band Walking Mountain Climber;Ходьба альпинист с мини-лентой
mini-band-walking-side-to-side;Mini Band Walking Side To Side;Ходьба боковой с переходом в боковой с мини-лентой
monkey-pose;Monkey Pose;Поза обезьяны
mountain;Mountain;Поза горы
mountain-climber;Mountain Climber;Альпинист
narrow-pulldown;Narrow Pulldown;Тяга верхнего блока узким хватом
neutral-chest-press;Neutral Chest Press;Жим от груди нейтральным хватом
neutral-pulldown;Neutral Pulldown;Тяга верхнего блока нейтральным хватом
nordic-hamstring-curl;Nordic Hamstring Curl;Нордическое сгибание ног на заднюю поверхность бедра
oblique-crunch;Oblique Crunch;Скручивание на косые мышцы живота
oblique-jackknife;Oblique Jackknife;На косые мышцы складка
one-arm-cow-face-pose;One Arm Cow Face Pose;Поза коровьей головы одной рукой
parallel-bar-dips;Parallel Bar Dips;Отжимания на брусьях
partner-lower-back-extensions;Partner Lower Back Extensions;С партнёром нижний спиной разгибания
pigeon-pose;Pigeon Pose;Поза голубя
plank-iytw;Plank IYTW;Планка IYTW
plank-saw;Plank Saw;Планка-пила
plate-alternating-deadstop-row;Plate Alternating Deadstop Row;Поочерёдный с полной остановкой тяга с диском
plate-bicep-curl;Plate Bicep Curl;На бицепс сгибание рук с диском
plate-car-driver;Plate Car Driver;Руль с диском
plate-clean;Plate Clean;Взятие диска на грудь
plate-clean-and-press;Plate Clean And Press;Взятие на грудь и жим с диском
plate-curl-to-overhead-press;Plate Curl To Overhead Press;Сгибание рук с переходом в жим над головой с диском
plate-curl-to-overhead-press-to-tricep-extension;Plate Curl To Overhead Press To Tricep Extension;Сгибание рук с переходом в жим над головой с переходом в разгибание рук на трицепс с диском
plate-curtsy-lunge;Plate Curtsy Lunge;Выпад-реверанс с диском
plate-deadlift;Plate Deadlift;Становая тяга с диском
plate-deficit-lunge;Plate Deficit Lunge;С дефицитом выпад с диском
plate-deficit-pushup;Plate Deficit Pushup;С дефицитом отжимание с диском
plate-forward-lunge;Plate Forward Lunge;Выпад вперёд с диском
plate-front-raise;Plate Front Raise;Подъём рук перед собой с диском
plate-full-lateral-raise;Plate Full Lateral Raise;Полный подъём рук в стороны с диском
plate-glute-bridge-to-chest-press;Plate Glute Bridge to Chest Press;Ягодичный мост с переходом в жим от груди с диском
plate-glute-bridge-to-pullover;Plate Glute Bridge to Pullover;Ягодичный мост с переходом в пуловер с диском
plate-goblet-deficit-reverse-lunge;Plate Goblet Deficit Reverse Lunge;Гоблет с дефицитом обратный выпад с диском
plate-good-morning;Plate Good Morning;Наклон «доброе утро» с диском
plate-good-morning-anterior;Plate Good Morning Anterior;Наклон «доброе утро» спереди с диском
plate-halo;Plate Halo;Хало с диском
plate-hip-abduction;Plate Hip Abduction;Отведение бедра с диском
plate-hollow-hold;Plate Hollow Hold;Удержание «банан» с диском
plate-internally-rotated-rear-delt-fly;Plate Internally Rotated Rear Delt Fly;С внутренней ротацией разведение рук на заднюю дельту с диском
plate-lateral-lunge;Plate Lateral Lunge;Боковой выпад с диском
plate-lateral-raise;Plate Lateral Raise;Подъём рук в стороны с диском
plate-overhead-carry;Plate Overhead Carry;Переноска над головой с диском
plate-overhead-press-to-tricep-extension;Plate Overhead Press To Tricep Extension;Жим над головой с переходом в разгибание рук на трицепс с диском
plate-overhead-shrug;Plate Overhead Shrug;Над головой шраги с диском
plate-overhead-squat;Plate Overhead Squat;Над головой приседание с диском
plate-overhead-tricep-extension;Plate Overhead Tricep Extension;Разгибание рук на трицепс над головой с диском
plate-overhead-walking-lunge;Plate Overhead Walking Lunge;Над головой выпады в ходьбе с диском
plate-pinch-grip-deadlift;Plate Pinch Grip Deadlift;Щипковый хват становая тяга с диском
plate-pinch-grip-farmers-carry;Plate Pinch Grip Farmer's Carry;Щипковый хват прогулка фермера с диском
plate-pinch-grip-row;Plate Pinch Grip Row;Щипковый хват тяга с диском
plate-pinch-grip-side-bend;Plate Pinch Grip Side Bend;Щипковый хват наклон в сторону с диском
plate-reach;Plate Reach;Дотягивание с диском
plate-rear-delt-fly;Plate Rear Delt Fly;Разведение рук на заднюю дельту с диском
plate-reverse-lunge;Plate Reverse Lunge;Обратный выпад с диском
plate-reverse-lunge-twist;Plate Reverse Lunge Twist;Обратный выпад скручивание с диском
plate-russian-twist;Plate Russian Twist;Скручивание с поворотом с диском
plate-single-leg-deadlift;Plate Single Leg Deadlift;Становая тяга на одной ноге с диском
plate-single-leg-pinch-grip-deadlift;Plate Single Leg Pinch Grip Deadlift;Одной ноги щипковый хват становая тяга с диском
plate-situp;Plate Situp;Подъём туловища с диском
plate-squat;Plate Squat;Приседание с диском
plate-squat-hold;Plate Squat Hold;Приседание удержание с диском
plate-squat-hold-curl;Plate Squat Hold Curl;Приседание удержание сгибание рук с диском
plate-squat-hold-reach;Plate Squat Hold Reach;Приседание удержание дотягивание с диском
plate-squat-reach;Plate Squat Reach;Приседание дотягивание с диском
plate-staggered-deadlift;Plate Staggered Deadlift;Со смещённой стойкой становая тяга с диском
plate-staggered-pinch-grip-deadlift;Plate Staggered Pinch Grip Deadlift;Со смещённой стойкой щипковый хват становая тяга с диском
plate-staggered-waiters-bow;Plate Staggered Waiters Bow;Со смещённой стойкой поклон официанта с диском
plate-standing-twist;Plate Standing Twist;Стоя скручивание с диском
plate-superman;Plate Superman;Супермен с диском
plate-superman-hold;Plate Superman Hold;Супермен удержание с диском
plate-thruster;Plate Thruster;Трастер с диском
plate-waiters-bow;Plate Waiters Bow;Поклон официанта с диском
plate-weighted-dead-hang;Plate Weighted Dead Hang;С отягощением вис на перекладине с диском
plate-weighted-dip;Plate Weighted Dip;С отягощением отжимание на брусьях с диском
plate-weighted-inverted-row;Plate Weighted Inverted Row;С отягощением инвертированная тяга с диском
plate-wood-chopper;Plate Wood Chopper;Дровосек с диском
pole-overhead-squat;Pole Overhead Squat;Над головой приседание с палкой
pole-rotation;Pole Rotation;Вращение с палкой
prayer-stretch-1;Prayer Stretch 1;Растяжка в позе молитвы 1
prayer-stretch-2-roller;Prayer Stretch 2 Roller;Растяжка в позе молитвы 2 ролик
prayer-stretch-side-bend;Prayer Stretch Side Bend;Растяжка в позе молитвы наклон в сторону
prone-single-leg-hip-extension-hold;Prone Single Leg Hip Extension Hold;Лёжа лицом вниз одной ноги разгибание бедра удержание
pull-ups;Pull Ups;Подтягивания
puppy-pose;Puppy Pose;Поза щенка
push-up;Push Up;Отжимание
pushup-to-renegade-row;Pushup to Renegade Row;Отжимание с переходом в тяга гантелей в планке
pyramid-pose;Pyramid Pose;Поза пирамиды
pyramid-pose-blocks;Pyramid Pose Blocks;Поза пирамиды с блоками
pyramid-pose-calf-blocks;Pyramid Pose Calf Blocks;Поза пирамиды с растяжкой икр на блоках
pyramid-prayer;Pyramid Prayer;Пирамида с молитвой
ql-mobilisation-floor-foam-roller;QL Mobilisation Floor Foam Roller;Мобилизация квадратной мышцы поясницы на полу с массажным роликом
quads-stretch-variation-four;Quads Stretch Variation Four;Растяжка квадрицепсов, вариант 4
quads-stretch-variation-one;Quads Stretch Variation One;Растяжка квадрицепсов, вариант 1
quads-stretch-variation-three;Quads Stretch Variation Three;Растяжка квадрицепсов, вариант 3
quads-stretch-variation-two;Quads Stretch Variation Two;Растяжка квадрицепсов, вариант 2
reach-and-catch;Reach And Catch;Дотянуться и поймать
reclining-pigeon-pose;Reclining Pigeon Pose;Поза голубя лёжа
restful-cow-face-pose-legs;Restful Cow Face Pose Legs;Спокойная поза коровьей головы для ног
reverse-crunch;Reverse Crunch;Обратное скручивание
reverse-crunch-kick-up;Reverse Crunch Kick Up;Обратный скручивание выброс вверх
reverse-prayer;Reverse Prayer;Обратная молитва
revolved-head-to-knee;Revolved Head To Knee;Скрученная поза головы к колену
revolved-side-angle-pose-with-prayer-hands;Revolved Side Angle Pose With Prayer Hands;Скрученная поза бокового угла с руками в молитве
revolved-side-angle-pose-with-prayer-hands-beginner;Revolved Side Angle Pose With Prayer Hands Beginner;Скрученная поза бокового угла с руками в молитве для начинающих
ring-chin-up;Ring Chin Up;Подтягивание обратным хватом на кольцах
ring-curl;Ring Curl;Сгибание рук на кольцах
ring-pull-up;Ring Pull Up;Подтягивание на кольцах
ring-rear-delt-fly;Ring Rear Delt Fly;Разведение рук на заднюю дельту на кольцах
ring-row;Ring Row;Тяга на кольцах
ring-skullcrusher;Ring Skullcrusher;Французский жим лёжа на кольцах
ring-standing-archer-pushup;Ring Standing Archer Pushup;Стоя лучника отжимание на кольцах
ring-standing-chest-fly;Ring Standing Chest Fly;Стоя разведение рук на грудь на кольцах
ring-standing-pushup;Ring Standing Pushup;Стоя отжимание на кольцах
ring-standing-roll-out;Ring Standing Roll Out;Стоя раскатывание наружу на кольцах
ring-twisting-chin-up;Ring Twisting Chin Up;С поворотом подтягивание обратным хватом на кольцах
rower-knee-tuck;Rower Knee Tuck;Подтягивание коленей на гребном тренажёре
rower-pike;Rower Pike;Пайк на гребном тренажёре
runners-lunge;Runners Lunge;Выпад бегуна
scapular-depression;Scapular Depression;Депрессия лопаток
scapular-elevation;Scapular Elevation;Элевация лопаток
scapular-retraction;Scapular Retraction;Ретракция лопаток
scissor-kick;Scissor Kick;Ножницы ногами
scorpion-twist-pose;Scorpion Twist Pose;Поза скорпиона со скручиванием
seated-arm-stretch;Seated Arm Stretch;Сидя рукой растяжка
seated-box-jump;Seated Box Jump;Сидя на коробке прыжок
seated-doming;Seated Doming;Доминг стопы сидя
seated-forward-bend;Seated Forward Bend;Наклон вперёд сидя
seated-hip-flexion-hold;Seated Hip Flexion Hold;Сидя сгибание бедра удержание
seated-lateral-line-stretch;Seated Lateral Line Stretch;Растяжка боковой линии сидя
seated-lateral-raise;Seated Lateral Raise;Сидя подъём рук в стороны
seated-leg-curl;Seated Leg Curl;Сидя сгибание ног
seated-plantar-flexions;Seated Plantar Flexions;Подошвенные сгибания сидя
seated-quad-stretch;Seated Quad Stretch;Сидя квадрицепса растяжка
seated-radial-nerve-slider;Seated Radial Nerve Slider;Слайдер лучевого нерва сидя
seated-radial-nerve-tensioner;Seated Radial Nerve Tensioner;Натяжение лучевого нерва сидя
seated-side-bend-pose;Seated Side Bend Pose;Сидя наклон в сторону поза
seated-tibialis-raise;Seated Tibialis Raise;Сидя подъём носков
seated-twist;Seated Twist;Скручивание сидя
seated-ulnar-nerve-slider;Seated Ulnar Nerve Slider;Слайдер локтевого нерва сидя
seated-ulnar-nerve-tensioner;Seated Ulnar Nerve Tensioner;Натяжение локтевого нерва сидя
seated-upper-trap-and-suprispinatus-stretch;Seated Upper Trap And Suprispinatus Stretch;Сидя растяжка верхней трапеции и надостной мышцы
seated-wrist-extensor-stretch;Seated Wrist Extensor Stretch;Сидя растяжка разгибателей запястья
seated-wrist-flexor-stretch;Seated Wrist Flexor Stretch;Сидя растяжка сгибателей запястья
serratus-activation-active-plank;Serratus Activation Active Plank;Передней зубчатой мышцы активация активный планка
serratus-activation-cross-punch;Serratus Activation Cross Punch;Активация передней зубчатой мышцы перекрёстным ударом
serratus-activation-plank;Serratus Activation Plank;Передней зубчатой мышцы активация планка
shoulder-flexion-thoracic-extensions;Shoulder Flexion Thoracic Extensions;Плеча сгибание грудного отдела разгибания
shoulders-stretch-variation-four;Shoulders Stretch Variation Four;Растяжка плеч, вариант 4
shoulders-stretch-variation-one;Shoulders Stretch Variation One;Растяжка плеч, вариант 1
shoulders-stretch-variation-three;Shoulders Stretch Variation Three;Растяжка плеч, вариант 3
shoulders-stretch-variation-two;Shoulders Stretch Variation Two;Растяжка плеч, вариант 2
side-lunges;Side Lunges;Боковые выпады
side-plank-reach-through;Side Plank Reach Through;Боковая планка протягивание руки
side-plank-up-down;Side Plank Up Down;Боковая планка вверх вниз
side-step-on-and-off-box;Side Step On And Off Box;Боковой ступеньке на и с коробке
sideways-scissor-kick;Sideways Scissor Kick;Боковые ножницы ногами
single-arm-overhead-squat;Single Arm Overhead Squat;Одной рукой над головой приседание
single-arm-rapunzel-pushdown;Single Arm Rapunzel Pushdown;Одной рукой разгибание рук вниз «Рапунцель»
single-leg-balance-2;Single Leg Balance 2;Баланс на одной ноге 2
single-leg-bosu-ball-balance-2;Single Leg Bosu Ball Balance 2;Баланс на одной ноге на BOSU 2
single-leg-box-jump;Single Leg Box Jump;Одной ноги на коробке прыжок
single-leg-concentric-squat;Single Leg Concentric Squat;Одной ноги концентрический приседание
single-leg-eccentric-box-squat;Single Leg Eccentric Box Squat;Одной ноги эксцентрический приседание на бокс
single-leg-glute-bridge;Single Leg Glute Bridge;Одной ноги ягодичный мост
single-leg-slider-hamstring-curl-2;Single Leg Slider Hamstring Curl 2;Одной ноги со слайдерами сгибание ног на заднюю поверхность бедра 2
single-legged-romanian-deadlifts;Single Legged Romanian Deadlifts;Румынская становая тяга на одной ноге
situp;Situp;Подъём туловища
skater-squat;Skater Squat;Конькобежец приседание
skydiver;Skydiver;Парашютист
slalom-mountain-climber;Slalom Mountain Climber;Альпинист слаломом
slider-hamstring-curl;Slider Hamstring Curl;Со слайдерами сгибание ног на заднюю поверхность бедра
slider-hamstring-curl-eccentric;Slider Hamstring Curl Eccentric;Со слайдерами сгибание ног на заднюю поверхность бедра эксцентрический
slider-hamstring-curl-single-leg;Slider Hamstring Curl Single Leg;Со слайдерами сгибание ног на заднюю поверхность бедра одной ноги
slow-tempo-mountain-climber;Slow Tempo Mountain Climber;Альпинист в медленном темпе
smith-machine-assisted-pullup;Smith Machine Assisted Pullup;С поддержкой подтягивание в тренажёре Смита
smith-machine-bench-press;Smith Machine Bench Press;Жим лёжа в тренажёре Смита
smith-machine-bodyweight-skullcrusher;Smith Machine Bodyweight Skullcrusher;Французский жим с собственным весом в тренажёре Смита
smith-machine-calf-raise;Smith Machine Calf Raise;Подъём на носки в тренажёре Смита
smith-machine-close-grip-bench-press;Smith Machine Close Grip Bench Press;Жим лёжа узким хватом в тренажёре Смита
smith-machine-drag-curl;Smith Machine Drag Curl;Сгибание рук вдоль тела в тренажёре Смита
smith-machine-glute-kickback;Smith Machine Glute Kickback;Отведение ноги назад на ягодицы в тренажёре Смита
smith-machine-guillotine-bench-press;Smith Machine Guillotine Bench Press;Жим «гильотина» лёжа в тренажёре Смита
smith-machine-hanging-knee-tuck;Smith Machine Hanging Knee Tuck;В висе подтягивание коленей в тренажёре Смита
smith-machine-hip-thrust;Smith Machine Hip Thrust;Ягодичный мост с опорой плечами в тренажёре Смита
smith-machine-incline-bench-press;Smith Machine Incline Bench Press;Жим лёжа на наклонной скамье в тренажёре Смита
smith-machine-inverted-row;Smith Machine Inverted Row;Австралийские подтягивания в тренажёре Смита
smith-machine-leg-press;Smith Machine Leg Press;Ноги жим в тренажёре Смита
smith-machine-narrow-stance-squat;Smith Machine Narrow Stance Squat;Приседание с узкой постановкой ног в тренажёре Смита
smith-machine-oblique-crunch;Smith Machine Oblique Crunch;Скручивание на косые мышцы живота в тренажёре Смита
smith-machine-overhand-row;Smith Machine Overhand Row;Прямым хватом тяга в тренажёре Смита
smith-machine-pushup;Smith Machine Pushup;Отжимание в тренажёре Смита
smith-machine-reverse-crunch-hip-raise;Smith Machine Reverse Crunch Hip Raise;Обратный скручивание тазобедренных суставов подъём в тренажёре Смита
smith-machine-reverse-lunge;Smith Machine Reverse Lunge;Обратный выпад в тренажёре Смита
smith-machine-romanian-deadlift;Smith Machine Romanian Deadlift;Румынская становая тяга в тренажёре Смита
smith-machine-seated-calf-raise;Smith Machine Seated Calf Raise;Сидя подъём на носки в тренажёре Смита
smith-machine-seated-overhead-press;Smith Machine Seated Overhead Press;Сидя жим над головой в тренажёре Смита
smith-machine-side-bend;Smith Machine Side Bend;Наклон в сторону в тренажёре Смита
smith-machine-side-plank-up-down;Smith Machine Side Plank Up Down;Боковая планка вверх вниз в тренажёре Смита
smith-machine-single-leg-hip-thrust;Smith Machine Single Leg Hip Thrust;Одной ноги ягодичный мост с опорой плечами в тренажёре Смита
smith-machine-sissy-squat;Smith Machine Sissy Squat;Сисси-присед в тренажёре Смита
smith-machine-situp;Smith Machine Situp;Подъём туловища в тренажёре Смита
smith-machine-skullcrusher;Smith Machine Skullcrusher;Французский жим лёжа в тренажёре Смита
smith-machine-split-squat;Smith Machine Split Squat;Сплит-присед в тренажёре Смита
smith-machine-squat;Smith Machine Squat;Приседание в тренажёре Смита
smith-machine-staggered-deadlift;Smith Machine Staggered Deadlift;Со смещённой стойкой становая тяга в тренажёре Смита
smith-machine-sumo-romanian-deadlift;Smith Machine Sumo Romanian Deadlift;Сумо румынская становая тяга в тренажёре Смита
smith-machine-underhand-row;Smith Machine Underhand Row;Обратным хватом тяга в тренажёре Смита
smith-machine-upright-row;Smith Machine Upright Row;Тяга к подбородку в тренажёре Смита
soleus-stretch;Soleus Stretch;Камбаловидной мышцы растяжка
sphinx-pose;Sphinx Pose;Поза сфинкса
split-squat;Split Squat;Сплит-присед
stability-ball-atomic-push-up;Stability Ball Atomic Push Up;Атомное отжимание на фитболе
stability-ball-glute-bridge;Stability Ball Glute Bridge;Ягодичный мост на фитболе
stability-ball-goblet-wall-squat;Stability Ball Goblet Wall Squat;Гоблет приседание у стены на фитболе
stability-ball-hamstring-curl;Stability Ball Hamstring Curl;Сгибание ног на заднюю поверхность бедра на фитболе
stability-ball-hip-thrust;Stability Ball Hip Thrust;Ягодичный мост с опорой плечами на фитболе
stability-ball-knee-tuck;Stability Ball Knee Tuck;Подтягивание коленей на фитболе
stability-ball-pike;Stability Ball Pike;Пайк на фитболе
stability-ball-push-up;Stability Ball Push Up;Отжимание на фитболе
stability-ball-reverse-hyperextension;Stability Ball Reverse Hyperextension;Обратный гиперэкстензия на фитболе
stability-ball-side-crunch;Stability Ball Side Crunch;Боковой скручивание на фитболе
stability-ball-single-leg-hip-thrust;Stability Ball Single Leg Hip Thrust;Одной ноги ягодичный мост с опорой плечами на фитболе
stability-ball-sissy-squat;Stability Ball Sissy Squat;Сисси-присед на фитболе
stability-ball-stir-the-pot;Stability Ball Stir The Pot;Планка «помешивание в котле» на фитболе
stability-ball-straight-leg-glute-bridge;Stability Ball Straight Leg Glute Bridge;Прямой ноги ягодичный мост на фитболе
stability-ball-v-up-pass;Stability Ball V Up Pass;V-складка с передачей мяча на фитболе
stability-ball-wall-squat;Stability Ball Wall Squat;Приседание у стены на фитболе
stability-ball-windshield-wiper;Stability Ball Windshield Wiper;Дворники ногами на фитболе
stair-climber;Stair Climber;Степпер
standing-doming;Standing Doming;Стоя доминг
standing-forward-bend;Standing Forward Bend;Наклон вперёд стоя
standing-forward-bend-blocks;Standing Forward Bend Blocks;Наклон вперёд стоя с блоками
standing-inversions-hold;Standing Inversions Hold;Стоя инверсии удержание
standing-knee-raise-hold;Standing Knee Raise Hold;Стоя подъём колена удержание
standing-mini-band-hip-flexion;Standing Mini-Band Hip Flexion;Сгибание бедра стоя с мини-лентой
standing-neck-extensions;Standing Neck Extensions;Стоя шеи разгибания
standing-neck-flexions;Standing Neck Flexions;Сгибания шеи стоя
standing-neck-mobility-circumductions;Standing Neck Mobility Circumductions;Круговые движения шеи стоя
standing-neck-rotations;Standing Neck Rotations;Вращения шеи стоя
standing-neck-side-flexions;Standing Neck Side Flexions;Боковые сгибания шеи стоя
standing-tibialis-raise;Standing Tibialis Raise;Стоя подъём носков
stationary-bike;Stationary Bike;Велотренажёр
stretcher;Stretcher;Растяжка
supermans;Supermans;Супермен
supine-twist-lying;Supine Twist Lying;Лёжа лицом вверх скручивание лёжа
supported-matsyasana-pose;Supported Matsyasana Pose;Поза Матсиасана с опорой
swing-to-upright-row;Swing To Upright Row;Мах с переходом в тяга к подбородку
swipe-around;Swipe Around;Круговой мах рукой
switch-jump-mountain-climber;Switch Jump Mountain Climber;Альпинист со сменой ног прыжком
table-top-pose-variation-1;Table Top Pose Variation 1;Поза стола вариант 1
table-top-pose-variation-2;Table Top Pose Variation 2;Поза стола вариант 2
table-top-pose-variation-3;Table Top Pose Variation 3;Поза стола вариант 3
thoracic-extensions-foam-roller;Thoracic Extensions Foam Roller;Грудного отдела разгибания массажный ролик
thoracic-flexion-and-extensions;Thoracic Flexion And Extensions;Грудного отдела сгибание и разгибания
thread-the-needle-hip-over-knees;Thread The Needle Hip Over Knees;Поза «продеть иглу» с тазом над коленями
tip-toe-walking;Tip Toe Walking;Ходьба на носках
toe-tap;Toe Tap;Касание носком
towel-knee-extension;Towel Knee Extension;Разгибание колена с полотенцем
towel-knee-extension-hold;Towel Knee Extension Hold;Разгибание колена удержание с полотенцем
trap-bar-deficit-deadlift;Trap Bar Deficit Deadlift;С дефицитом становая тяга с трэп-грифом
trap-bar-pause-deadlift;Trap Bar Pause Deadlift;С паузой становая тяга с трэп-грифом
trap-bar-reverse-lunge;Trap Bar Reverse Lunge;Обратный выпад с трэп-грифом
trap-bar-romanian-deadlift;Trap Bar Romanian Deadlift;Румынская становая тяга с трэп-грифом
trap-bar-shrug;Trap Bar Shrug;Шраги с трэп-грифом
trap-bar-single-leg-deadlift;Trap Bar Single Leg Deadlift;Становая тяга на одной ноге с трэп-грифом
trap-bar-split-squat;Trap Bar Split Squat;Сплит-присед с трэп-грифом
trap-bar-squat;Trap Bar Squat;Приседание с трэп-грифом
trap-bar-staggered-romanian-deadlift;Trap Bar Staggered Romanian Deadlift;Со смещённой стойкой румынская становая тяга с трэп-грифом
traps-mid-back-stretch-variation-one;Traps mid back Stretch Variation One;Растяжка трапеций и средней части спины, вариант 1
traps-mid-back-stretch-variation-two;Traps mid back Stretch Variation Two;Растяжка трапеций и средней части спины, вариант 2
traps-stretch-variation-one;Traps Stretch Variation One;Растяжка трапеций, вариант 1
traps-stretch-variation-three;Traps Stretch Variation Three;Растяжка трапеций, вариант 3
traps-stretch-variation-two;Traps Stretch Variation Two;Растяжка трапеций, вариант 2
treadmill-backwards-walk;Treadmill Backwards Walk;Ходьба назад на беговой дорожке
treadmill-jog;Treadmill Jog;Бег трусцой на беговой дорожке
treadmill-side-shuffle;Treadmill Side Shuffle;Боковой шаффл на беговой дорожке
treadmill-sprint;Treadmill Sprint;Спринт на беговой дорожке
treadmill-walk;Treadmill Walk;Ходьба на беговой дорожке
tree-pose;Tree Pose;Поза дерева
triceps-stretch-variation-one;Triceps Stretch Variation One;Растяжка трицепса, вариант 1
triceps-stretch-variation-three;Triceps Stretch Variation Three;Растяжка трицепса, вариант 3
triceps-stretch-variation-two;Triceps Stretch Variation Two;Растяжка трицепса, вариант 2
trx-ab-rollout;TRX Ab Rollout;Выкат на пресс в TRX
trx-calf-raise;TRX Calf Raise;Подъём на носки в TRX
trx-curl;TRX Curl;Сгибание рук в TRX
trx-curtsy-lunge;TRX Curtsy Lunge;Выпад-реверанс в TRX
trx-forearm-plank;TRX Forearm Plank;Планка на предплечьях в TRX
trx-forearm-side-plank;TRX Forearm Side Plank;Предплечья боковая планка в TRX
trx-glute-bridge;TRX Glute Bridge;Ягодичный мост в TRX
trx-hammer-curl;TRX Hammer Curl;Молотковое сгибание рук в TRX
trx-hamstring-curl;TRX Hamstring Curl;Сгибание ног на заднюю поверхность бедра в TRX
trx-hand-plank;TRX Hand Plank;Планка на руках в TRX
trx-i-raise;TRX I Raise;I-подъём в TRX
trx-jumping-squat;TRX Jumping Squat;Прыжковый приседание в TRX
trx-knee-tuck;TRX Knee Tuck;Подтягивание коленей в TRX
trx-kneeling-ab-rollout;TRX Kneeling Ab Rollout;На коленях выкат на пресс в TRX
trx-lateral-lunge;TRX Lateral Lunge;Боковой выпад в TRX
trx-mountain-climber;TRX Mountain Climber;Альпинист в TRX
trx-oblique-crunch;TRX Oblique Crunch;Скручивание на косые мышцы живота в TRX
trx-pec-fly;TRX Pec Fly;Разведение рук на грудь в TRX
trx-pike;TRX Pike;Пайк в TRX
trx-pushup;TRX Pushup;Отжимание в TRX
trx-rear-delt-fly;TRX Rear Delt Fly;Разведение рук на заднюю дельту в TRX
trx-rear-delt-row;TRX Rear Delt Row;Тяга на заднюю дельту в TRX
trx-reverse-curl;TRX Reverse Curl;Обратное сгибание рук в TRX
trx-reverse-lunge;TRX Reverse Lunge;Обратный выпад в TRX
trx-rotating-row;TRX Rotating Row;Тяга с вращением в TRX
trx-single-arm-row;TRX Single Arm row;Одной рукой тяга в TRX
trx-skullcrusher;TRX Skullcrusher;Французский жим лёжа в TRX
trx-split-squat;TRX Split Squat;Сплит-присед в TRX
trx-squat;TRX Squat;Приседание в TRX
trx-w-raise;TRX W Raise;W-подъём в TRX
trx-y-raise;TRX Y Raise;Y-подъём в TRX
two-arms-cow-face-pose;Two Arms Cow Face Pose;2 руками коровьей головы поза
ulnar-deviations;Ulnar Deviations;Локтевые отклонения запястья
underhand-pulldown;Underhand Pulldown;Обратным хватом тяга верхнего блока
urdhva-dhanurasana-wheel-pose;Urdhva Dhanurasana Wheel Pose;Поза колеса
vajrasana-variation-1;Vajrasana Variation 1;Ваджрасана, вариант 1
vajrasana-variation-2;Vajrasana Variation 2;Ваджрасана, вариант 2
vertical-leg-press;Vertical Leg Press;Вертикальный ноги жим
walk-your-downward-dog;Walk Your Downward Dog;Шаги в позе собаки мордой вниз
walking-calf-raises;Walking Calf Raises;Ходьба подъёмы на носки
walking-lunge;Walking Lunge;Выпады в ходьбе
wall-angels;Wall Angels;Ангелы у стены
wall-sit;Wall Sit;Стульчик у стены
wall-supported-dorsal-flexion;Wall Supported Dorsal Flexion;У стены с опорой тыльное сгибание
warrior-one;Warrior One;Поза воина 1
warrior-three;Warrior Three;Поза воина 3
warrior-two;Warrior Two;Поза воина 2
weighted-chin-ups;Weighted Chin Ups;С отягощением подтягивания обратным хватом
weighted-diamond-push-ups;Weighted Diamond Push Ups;С отягощением алмазные отжимания
weighted-forearm-plank;Weighted Forearm Plank;С отягощением планка на предплечьях
weighted-hand-plank;Weighted Hand Plank;С отягощением планка на руках
weighted-knee-push-ups;Weighted Knee Push Ups;С отягощением колена отжимания
weighted-plank-up-down;Weighted Plank Up Down;С отягощением переходы вверх-вниз в планке
weighted-pull-ups;Weighted Pull Ups;С отягощением подтягивания
weighted-push-ups;Weighted Push Ups;С отягощением отжимания
weighted-wall-sit;Weighted Wall Sit;Стульчик у стены с отягощением
wide-legged-forward-fall;Wide Legged Forward Fall;Наклон вперёд с широко расставленными ногами
wide-legged-standing-forward-bend-holding-heels;Wide Legged Standing Forward Bend Holding Heels;Наклон вперёд стоя с широко расставленными ногами и удержанием пяток
wild-thing-pose;Wild Thing Pose;Поза дикой вещи
windshield-wiper;Windshield Wiper;Дворники ногами
wrist-extensor-kneeling-hold;Wrist Extensor Kneeling Hold;Запястья разгибатель на коленях удержание
wrist-extensor-mobilisation;Wrist Extensor Mobilisation;Запястья разгибатель мобилизация
yogi-arm-clock;Yogi Arm Clock;Йоговские часы рукой
ys;Ys;Y-подъёмы
